--
-- PostgreSQL database dump
--

-- Dumped from database version 14.13 (Homebrew)
-- Dumped by pg_dump version 16.3

-- Started on 2024-09-02 14:19:15 MDT

SET statement_timeout = 0;
SET lock_timeout = 0;
SET idle_in_transaction_session_timeout = 0;
SET client_encoding = 'UTF8';
SET standard_conforming_strings = on;
SELECT pg_catalog.set_config('search_path', '', false);
SET check_function_bodies = false;
SET xmloption = content;
SET client_min_messages = warning;
SET row_security = off;

--
-- TOC entry 4 (class 2615 OID 2200)
-- Name: public; Type: SCHEMA; Schema: -; Owner: jpartyka
--

-- *not* creating schema, since initdb creates it


ALTER SCHEMA public OWNER TO jpartyka;

SET default_tablespace = '';

SET default_table_access_method = heap;

--
-- TOC entry 216 (class 1259 OID 16410)
-- Name: auth_group; Type: TABLE; Schema: public; Owner: django
--

CREATE TABLE public.auth_group (
    id integer NOT NULL,
    name character varying(150) NOT NULL
);


ALTER TABLE public.auth_group OWNER TO django;

--
-- TOC entry 215 (class 1259 OID 16409)
-- Name: auth_group_id_seq; Type: SEQUENCE; Schema: public; Owner: django
--

ALTER TABLE public.auth_group ALTER COLUMN id ADD GENERATED BY DEFAULT AS IDENTITY (
    SEQUENCE NAME public.auth_group_id_seq
    START WITH 1
    INCREMENT BY 1
    NO MINVALUE
    NO MAXVALUE
    CACHE 1
);


--
-- TOC entry 218 (class 1259 OID 16418)
-- Name: auth_group_permissions; Type: TABLE; Schema: public; Owner: django
--

CREATE TABLE public.auth_group_permissions (
    id bigint NOT NULL,
    group_id integer NOT NULL,
    permission_id integer NOT NULL
);


ALTER TABLE public.auth_group_permissions OWNER TO django;

--
-- TOC entry 217 (class 1259 OID 16417)
-- Name: auth_group_permissions_id_seq; Type: SEQUENCE; Schema: public; Owner: django
--

ALTER TABLE public.auth_group_permissions ALTER COLUMN id ADD GENERATED BY DEFAULT AS IDENTITY (
    SEQUENCE NAME public.auth_group_permissions_id_seq
    START WITH 1
    INCREMENT BY 1
    NO MINVALUE
    NO MAXVALUE
    CACHE 1
);


--
-- TOC entry 214 (class 1259 OID 16404)
-- Name: auth_permission; Type: TABLE; Schema: public; Owner: django
--

CREATE TABLE public.auth_permission (
    id integer NOT NULL,
    name character varying(255) NOT NULL,
    content_type_id integer NOT NULL,
    codename character varying(100) NOT NULL
);


ALTER TABLE public.auth_permission OWNER TO django;

--
-- TOC entry 213 (class 1259 OID 16403)
-- Name: auth_permission_id_seq; Type: SEQUENCE; Schema: public; Owner: django
--

ALTER TABLE public.auth_permission ALTER COLUMN id ADD GENERATED BY DEFAULT AS IDENTITY (
    SEQUENCE NAME public.auth_permission_id_seq
    START WITH 1
    INCREMENT BY 1
    NO MINVALUE
    NO MAXVALUE
    CACHE 1
);


--
-- TOC entry 220 (class 1259 OID 16424)
-- Name: auth_user; Type: TABLE; Schema: public; Owner: django
--

CREATE TABLE public.auth_user (
    id integer NOT NULL,
    password character varying(128) NOT NULL,
    last_login timestamp with time zone,
    is_superuser boolean NOT NULL,
    username character varying(150) NOT NULL,
    first_name character varying(150) NOT NULL,
    last_name character varying(150) NOT NULL,
    email character varying(254) NOT NULL,
    is_staff boolean NOT NULL,
    is_active boolean NOT NULL,
    date_joined timestamp with time zone NOT NULL
);


ALTER TABLE public.auth_user OWNER TO django;

--
-- TOC entry 222 (class 1259 OID 16432)
-- Name: auth_user_groups; Type: TABLE; Schema: public; Owner: django
--

CREATE TABLE public.auth_user_groups (
    id bigint NOT NULL,
    user_id integer NOT NULL,
    group_id integer NOT NULL
);


ALTER TABLE public.auth_user_groups OWNER TO django;

--
-- TOC entry 221 (class 1259 OID 16431)
-- Name: auth_user_groups_id_seq; Type: SEQUENCE; Schema: public; Owner: django
--

ALTER TABLE public.auth_user_groups ALTER COLUMN id ADD GENERATED BY DEFAULT AS IDENTITY (
    SEQUENCE NAME public.auth_user_groups_id_seq
    START WITH 1
    INCREMENT BY 1
    NO MINVALUE
    NO MAXVALUE
    CACHE 1
);


--
-- TOC entry 219 (class 1259 OID 16423)
-- Name: auth_user_id_seq; Type: SEQUENCE; Schema: public; Owner: django
--

ALTER TABLE public.auth_user ALTER COLUMN id ADD GENERATED BY DEFAULT AS IDENTITY (
    SEQUENCE NAME public.auth_user_id_seq
    START WITH 1
    INCREMENT BY 1
    NO MINVALUE
    NO MAXVALUE
    CACHE 1
);


--
-- TOC entry 224 (class 1259 OID 16438)
-- Name: auth_user_user_permissions; Type: TABLE; Schema: public; Owner: django
--

CREATE TABLE public.auth_user_user_permissions (
    id bigint NOT NULL,
    user_id integer NOT NULL,
    permission_id integer NOT NULL
);


ALTER TABLE public.auth_user_user_permissions OWNER TO django;

--
-- TOC entry 223 (class 1259 OID 16437)
-- Name: auth_user_user_permissions_id_seq; Type: SEQUENCE; Schema: public; Owner: django
--

ALTER TABLE public.auth_user_user_permissions ALTER COLUMN id ADD GENERATED BY DEFAULT AS IDENTITY (
    SEQUENCE NAME public.auth_user_user_permissions_id_seq
    START WITH 1
    INCREMENT BY 1
    NO MINVALUE
    NO MAXVALUE
    CACHE 1
);


--
-- TOC entry 228 (class 1259 OID 16539)
-- Name: city; Type: TABLE; Schema: public; Owner: postgres
--

CREATE TABLE public.city (
    city_id integer NOT NULL,
    city_name character varying(50) NOT NULL,
    city_weather_profile_id integer NOT NULL
);


ALTER TABLE public.city OWNER TO postgres;

--
-- TOC entry 229 (class 1259 OID 16542)
-- Name: coach; Type: TABLE; Schema: public; Owner: postgres
--

CREATE TABLE public.coach (
    id integer NOT NULL,
    first_name character varying(30) NOT NULL,
    middle_initial character varying(1) NOT NULL,
    last_name character varying(35) NOT NULL,
    risk_profile_id integer NOT NULL,
    time_management_skills_id integer NOT NULL
);


ALTER TABLE public.coach OWNER TO postgres;

--
-- TOC entry 230 (class 1259 OID 16545)
-- Name: conference; Type: TABLE; Schema: public; Owner: postgres
--

CREATE TABLE public.conference (
    id integer NOT NULL,
    conference_name character varying(35) NOT NULL,
    league_id integer,
    first_season_id integer
);


ALTER TABLE public.conference OWNER TO postgres;

--
-- TOC entry 231 (class 1259 OID 16548)
-- Name: default_teams; Type: TABLE; Schema: public; Owner: postgres
--

CREATE TABLE public.default_teams (
    id integer NOT NULL,
    city_id integer NOT NULL,
    nickname character varying(25) NOT NULL,
    logo_file_name text
);


ALTER TABLE public.default_teams OWNER TO postgres;

--
-- TOC entry 232 (class 1259 OID 16553)
-- Name: division; Type: TABLE; Schema: public; Owner: postgres
--

CREATE TABLE public.division (
    id integer NOT NULL,
    division_name character varying(25) NOT NULL,
    conference_id integer NOT NULL,
    first_season_id integer NOT NULL,
    league_id integer NOT NULL
);


ALTER TABLE public.division OWNER TO postgres;

--
-- TOC entry 226 (class 1259 OID 16496)
-- Name: django_admin_log; Type: TABLE; Schema: public; Owner: django
--

CREATE TABLE public.django_admin_log (
    id integer NOT NULL,
    action_time timestamp with time zone NOT NULL,
    object_id text,
    object_repr character varying(200) NOT NULL,
    action_flag smallint NOT NULL,
    change_message text NOT NULL,
    content_type_id integer,
    user_id integer NOT NULL,
    CONSTRAINT django_admin_log_action_flag_check CHECK ((action_flag >= 0))
);


ALTER TABLE public.django_admin_log OWNER TO django;

--
-- TOC entry 225 (class 1259 OID 16495)
-- Name: django_admin_log_id_seq; Type: SEQUENCE; Schema: public; Owner: django
--

ALTER TABLE public.django_admin_log ALTER COLUMN id ADD GENERATED BY DEFAULT AS IDENTITY (
    SEQUENCE NAME public.django_admin_log_id_seq
    START WITH 1
    INCREMENT BY 1
    NO MINVALUE
    NO MAXVALUE
    CACHE 1
);


--
-- TOC entry 212 (class 1259 OID 16396)
-- Name: django_content_type; Type: TABLE; Schema: public; Owner: django
--

CREATE TABLE public.django_content_type (
    id integer NOT NULL,
    app_label character varying(100) NOT NULL,
    model character varying(100) NOT NULL
);


ALTER TABLE public.django_content_type OWNER TO django;

--
-- TOC entry 211 (class 1259 OID 16395)
-- Name: django_content_type_id_seq; Type: SEQUENCE; Schema: public; Owner: django
--

ALTER TABLE public.django_content_type ALTER COLUMN id ADD GENERATED BY DEFAULT AS IDENTITY (
    SEQUENCE NAME public.django_content_type_id_seq
    START WITH 1
    INCREMENT BY 1
    NO MINVALUE
    NO MAXVALUE
    CACHE 1
);


--
-- TOC entry 210 (class 1259 OID 16388)
-- Name: django_migrations; Type: TABLE; Schema: public; Owner: django
--

CREATE TABLE public.django_migrations (
    id bigint NOT NULL,
    app character varying(255) NOT NULL,
    name character varying(255) NOT NULL,
    applied timestamp with time zone NOT NULL
);


ALTER TABLE public.django_migrations OWNER TO django;

--
-- TOC entry 209 (class 1259 OID 16387)
-- Name: django_migrations_id_seq; Type: SEQUENCE; Schema: public; Owner: django
--

ALTER TABLE public.django_migrations ALTER COLUMN id ADD GENERATED BY DEFAULT AS IDENTITY (
    SEQUENCE NAME public.django_migrations_id_seq
    START WITH 1
    INCREMENT BY 1
    NO MINVALUE
    NO MAXVALUE
    CACHE 1
);


--
-- TOC entry 227 (class 1259 OID 16524)
-- Name: django_session; Type: TABLE; Schema: public; Owner: django
--

CREATE TABLE public.django_session (
    session_key character varying(40) NOT NULL,
    session_data text NOT NULL,
    expire_date timestamp with time zone NOT NULL
);


ALTER TABLE public.django_session OWNER TO django;

--
-- TOC entry 233 (class 1259 OID 16556)
-- Name: draft; Type: TABLE; Schema: public; Owner: postgres
--

CREATE TABLE public.draft (
    id integer NOT NULL,
    host_city_id integer NOT NULL,
    season_id integer NOT NULL,
    num_rounds integer NOT NULL,
    league_id integer
);


ALTER TABLE public.draft OWNER TO postgres;

--
-- TOC entry 234 (class 1259 OID 16559)
-- Name: draft_pick; Type: TABLE; Schema: public; Owner: postgres
--

CREATE TABLE public.draft_pick (
    id integer NOT NULL,
    draft_id integer NOT NULL,
    round integer NOT NULL,
    pick_number integer NOT NULL,
    player_id integer NOT NULL,
    team_id integer NOT NULL
);


ALTER TABLE public.draft_pick OWNER TO postgres;

--
-- TOC entry 235 (class 1259 OID 16562)
-- Name: game; Type: TABLE; Schema: public; Owner: postgres
--

CREATE TABLE public.game (
    id integer NOT NULL,
    season_id integer NOT NULL,
    gamedate date NOT NULL,
    visiting_team_id integer NOT NULL,
    home_team_id integer NOT NULL,
    home_team_city_id integer NOT NULL,
    week integer NOT NULL,
    game_type_id integer NOT NULL,
    visiting_team_points integer NOT NULL,
    home_team_points integer NOT NULL,
    num_overtimes integer NOT NULL,
    stadium_id integer NOT NULL,
    attendance integer NOT NULL,
    league_id integer NOT NULL
);


ALTER TABLE public.game OWNER TO postgres;

--
-- TOC entry 236 (class 1259 OID 16565)
-- Name: game_cb_stats; Type: TABLE; Schema: public; Owner: postgres
--

CREATE TABLE public.game_cb_stats (
    id integer NOT NULL,
    game_id integer NOT NULL,
    player_id integer NOT NULL,
    num_receptions_allowed integer NOT NULL,
    num_challenges integer NOT NULL,
    num_interceptions integer NOT NULL,
    int_return_yards integer NOT NULL,
    int_return_tds integer NOT NULL,
    num_fumbles_recovered integer NOT NULL,
    fumble_return_yards integer NOT NULL,
    num_tackles integer NOT NULL,
    num_forced_fumbles integer NOT NULL
);


ALTER TABLE public.game_cb_stats OWNER TO postgres;

--
-- TOC entry 237 (class 1259 OID 16568)
-- Name: game_dl_stats; Type: TABLE; Schema: public; Owner: postgres
--

CREATE TABLE public.game_dl_stats (
    id integer NOT NULL,
    game_id integer NOT NULL,
    player_id integer NOT NULL,
    num_block_wins integer NOT NULL,
    num_block_losses integer NOT NULL,
    num_block_draws integer NOT NULL,
    num_sacks integer NOT NULL,
    num_times_pancaked integer NOT NULL,
    num_fumble_recoveries integer NOT NULL,
    num_interceptions integer NOT NULL,
    interception_return_yards integer NOT NULL,
    interception_return_tds integer NOT NULL,
    interception_return_2_point_conversions integer NOT NULL,
    fumble_return_yards integer NOT NULL,
    num_tackles integer NOT NULL,
    num_forced_fumbles integer NOT NULL
);


ALTER TABLE public.game_dl_stats OWNER TO postgres;

--
-- TOC entry 238 (class 1259 OID 16571)
-- Name: game_fb_stats; Type: TABLE; Schema: public; Owner: postgres
--

CREATE TABLE public.game_fb_stats (
    id integer NOT NULL,
    game_id integer NOT NULL,
    player_id integer NOT NULL,
    rushing_yards integer NOT NULL,
    rushing_attempts integer NOT NULL,
    receiving_yards integer NOT NULL,
    rushing_tds integer NOT NULL,
    receiving_tds integer NOT NULL,
    rushing_2_point_conversions integer NOT NULL,
    receiving_2_point_conversions integer NOT NULL,
    num_fumbles integer NOT NULL,
    num_block_wins integer NOT NULL,
    num_block_losses integer NOT NULL,
    num_block_draws integer NOT NULL,
    passing_yards integer NOT NULL,
    passing_tds integer NOT NULL,
    passing_attempts integer NOT NULL
);


ALTER TABLE public.game_fb_stats OWNER TO postgres;

--
-- TOC entry 239 (class 1259 OID 16574)
-- Name: game_k_stats; Type: TABLE; Schema: public; Owner: postgres
--

CREATE TABLE public.game_k_stats (
    id integer NOT NULL,
    game_id integer NOT NULL,
    player_id integer NOT NULL,
    num_xps integer NOT NULL,
    num_xp_attempts integer NOT NULL,
    num_fgs integer NOT NULL,
    num_fg_attempts integer NOT NULL,
    rushing_yards integer NOT NULL,
    rushing_attempts integer NOT NULL,
    rushing_tds integer NOT NULL,
    passing_yards integer NOT NULL,
    passing_attempts integer NOT NULL,
    passing_tds integer NOT NULL
);


ALTER TABLE public.game_k_stats OWNER TO postgres;

--
-- TOC entry 240 (class 1259 OID 16577)
-- Name: game_lb_stats; Type: TABLE; Schema: public; Owner: postgres
--

CREATE TABLE public.game_lb_stats (
    id integer NOT NULL,
    game_id integer NOT NULL,
    player_id integer NOT NULL,
    num_receptions_allowed integer NOT NULL,
    num_challenges integer NOT NULL,
    num_interceptions integer NOT NULL,
    int_return_yards integer NOT NULL,
    int_return_tds integer NOT NULL,
    num_fumbles_recovered integer NOT NULL,
    fumble_return_yards integer NOT NULL,
    num_tackles integer NOT NULL,
    num_forced_fumbles integer NOT NULL
);


ALTER TABLE public.game_lb_stats OWNER TO postgres;

--
-- TOC entry 241 (class 1259 OID 16580)
-- Name: game_ol_stats; Type: TABLE; Schema: public; Owner: postgres
--

CREATE TABLE public.game_ol_stats (
    id integer NOT NULL,
    game_id integer NOT NULL,
    player_id integer NOT NULL,
    num_block_wins integer NOT NULL,
    num_block_losses integer NOT NULL,
    num_block_draws integer NOT NULL,
    pancake_blocks integer NOT NULL,
    sacks_allowed integer NOT NULL,
    fumble_recoveries integer NOT NULL
);


ALTER TABLE public.game_ol_stats OWNER TO postgres;

--
-- TOC entry 242 (class 1259 OID 16583)
-- Name: game_p_stats; Type: TABLE; Schema: public; Owner: postgres
--

CREATE TABLE public.game_p_stats (
    id integer NOT NULL,
    game_id integer NOT NULL,
    player_id integer NOT NULL,
    num_punts integer NOT NULL,
    yards_per_punt integer NOT NULL,
    rushing_yards integer NOT NULL,
    rushing_attempts integer NOT NULL,
    rushing_tds integer NOT NULL,
    passing_yards integer NOT NULL,
    passing_attempts integer NOT NULL,
    passing_tds integer NOT NULL
);


ALTER TABLE public.game_p_stats OWNER TO postgres;

--
-- TOC entry 243 (class 1259 OID 16586)
-- Name: game_player_penalty; Type: TABLE; Schema: public; Owner: postgres
--

CREATE TABLE public.game_player_penalty (
    id integer NOT NULL,
    game_id integer NOT NULL,
    player_id integer NOT NULL,
    penalty_play_id integer NOT NULL
);


ALTER TABLE public.game_player_penalty OWNER TO postgres;

--
-- TOC entry 244 (class 1259 OID 16589)
-- Name: game_plays; Type: TABLE; Schema: public; Owner: postgres
--

CREATE TABLE public.game_plays (
    id integer NOT NULL,
    game_id integer NOT NULL,
    play_type smallint NOT NULL,
    play_yards integer NOT NULL,
    play_points smallint NOT NULL,
    turnover_type smallint,
    source_play_id integer
);


ALTER TABLE public.game_plays OWNER TO postgres;

--
-- TOC entry 245 (class 1259 OID 16592)
-- Name: game_qb_stats; Type: TABLE; Schema: public; Owner: postgres
--

CREATE TABLE public.game_qb_stats (
    id integer NOT NULL,
    game_id integer NOT NULL,
    player_id integer NOT NULL,
    passing_yards integer NOT NULL,
    rushing_yards integer NOT NULL,
    num_pass_completions integer NOT NULL,
    num_pass_attempts integer NOT NULL,
    num_interceptions integer NOT NULL,
    num_fumbles integer NOT NULL,
    passing_tds integer NOT NULL,
    rushing_tds integer NOT NULL,
    qbr double precision NOT NULL,
    num_times_sacked integer NOT NULL,
    passing_2_point_conversions integer NOT NULL,
    rushing_2_point_conversions integer NOT NULL,
    receiving_yards integer NOT NULL,
    num_receptions integer NOT NULL,
    rush_attempts integer NOT NULL
);


ALTER TABLE public.game_qb_stats OWNER TO postgres;

--
-- TOC entry 246 (class 1259 OID 16595)
-- Name: game_rb_stats; Type: TABLE; Schema: public; Owner: postgres
--

CREATE TABLE public.game_rb_stats (
    id integer NOT NULL,
    game_id integer NOT NULL,
    player_id integer NOT NULL,
    rushing_yards integer NOT NULL,
    rushing_attempts integer NOT NULL,
    receiving_yards integer NOT NULL,
    rushing_tds integer NOT NULL,
    receiving_tds integer NOT NULL,
    rushing_2_point_conversions integer NOT NULL,
    receiving_2_point_conversions integer NOT NULL,
    num_fumbles integer NOT NULL,
    num_block_wins integer NOT NULL,
    num_block_losses integer NOT NULL,
    num_block_draws integer NOT NULL,
    passing_yards integer NOT NULL,
    passing_tds integer NOT NULL,
    passing_attempts integer NOT NULL
);


ALTER TABLE public.game_rb_stats OWNER TO postgres;

--
-- TOC entry 247 (class 1259 OID 16598)
-- Name: game_sf_stats; Type: TABLE; Schema: public; Owner: postgres
--

CREATE TABLE public.game_sf_stats (
    id integer NOT NULL,
    game_id integer NOT NULL,
    player_id integer NOT NULL,
    num_receptions_allowed integer NOT NULL,
    num_challenges integer NOT NULL,
    num_interceptions integer NOT NULL,
    int_return_yards integer NOT NULL,
    int_return_tds integer NOT NULL,
    num_fumbles_recovered integer NOT NULL,
    fumble_return_yards integer NOT NULL,
    num_tackles integer NOT NULL,
    num_forced_fumbles integer NOT NULL
);


ALTER TABLE public.game_sf_stats OWNER TO postgres;

--
-- TOC entry 248 (class 1259 OID 16601)
-- Name: game_std_stats; Type: TABLE; Schema: public; Owner: postgres
--

CREATE TABLE public.game_std_stats (
    id integer NOT NULL,
    game_id integer NOT NULL,
    player_id integer NOT NULL,
    num_tackles integer NOT NULL,
    num_forced_fumbles integer NOT NULL,
    num_fumble_recoveries integer NOT NULL,
    fumble_recovery_yards integer NOT NULL,
    fumble_recovery_tds integer NOT NULL
);


ALTER TABLE public.game_std_stats OWNER TO postgres;

--
-- TOC entry 249 (class 1259 OID 16604)
-- Name: game_sto_stats; Type: TABLE; Schema: public; Owner: postgres
--

CREATE TABLE public.game_sto_stats (
    id integer NOT NULL,
    game_id integer NOT NULL,
    player_id integer NOT NULL,
    kickoff_return_yards integer NOT NULL,
    kickoff_return_attempts integer NOT NULL,
    kickoff_return_tds integer NOT NULL,
    punt_return_yards integer NOT NULL,
    punt_return_attempts integer NOT NULL,
    punt_return_tds integer NOT NULL,
    num_fumbles integer NOT NULL
);


ALTER TABLE public.game_sto_stats OWNER TO postgres;

--
-- TOC entry 250 (class 1259 OID 16607)
-- Name: game_te_stats; Type: TABLE; Schema: public; Owner: postgres
--

CREATE TABLE public.game_te_stats (
    id integer NOT NULL,
    game_id integer NOT NULL,
    player_id integer NOT NULL,
    receiving_yards integer NOT NULL,
    num_receptions integer NOT NULL,
    num_receiving_tds integer NOT NULL,
    num_receiving_2_point_conversions integer NOT NULL,
    num_block_wins integer NOT NULL,
    num_block_losses integer NOT NULL,
    num_block_draws integer NOT NULL
);


ALTER TABLE public.game_te_stats OWNER TO postgres;

--
-- TOC entry 251 (class 1259 OID 16610)
-- Name: game_team_stats; Type: TABLE; Schema: public; Owner: postgres
--

CREATE TABLE public.game_team_stats (
    id integer NOT NULL,
    game_id integer NOT NULL,
    home_or_visitor character varying(1) NOT NULL,
    team_id integer NOT NULL,
    points integer NOT NULL,
    rushing_yards integer NOT NULL,
    passing_yards integer NOT NULL,
    num_penalties integer NOT NULL,
    penalty_yards integer NOT NULL,
    kickoff_return_yards integer NOT NULL,
    punt_return_yards integer NOT NULL,
    num_first_downs integer NOT NULL,
    num_touchdowns integer NOT NULL,
    num_fgs integer NOT NULL,
    num_safeties integer NOT NULL,
    num_sacks integer NOT NULL,
    num_interceptions integer NOT NULL,
    num_fumbles integer NOT NULL,
    num_blocked_punts integer NOT NULL,
    num_blocked_fgs integer NOT NULL,
    num_fg_attempts integer NOT NULL,
    num_punts integer NOT NULL,
    num_third_down_conversions integer NOT NULL,
    num_third_down_attempts integer NOT NULL,
    num_fourth_down_conversions integer NOT NULL,
    num_fourth_down_attempts integer NOT NULL,
    num_kickoff_return_tds integer NOT NULL,
    num_punt_return_tds integer NOT NULL,
    num_two_point_conversions integer NOT NULL,
    num_two_point_attempts integer NOT NULL,
    num_pass_completions integer NOT NULL,
    num_pass_attempts integer NOT NULL,
    num_rush_attempts integer NOT NULL,
    num_times_in_red_zone integer NOT NULL,
    num_tds_in_red_zone integer NOT NULL,
    num_xps integer NOT NULL,
    num_xp_attempts integer NOT NULL,
    num_blocked_xps integer NOT NULL,
    num_blocked_fg_tds integer NOT NULL,
    num_blocked_punt_tds integer NOT NULL,
    num_blocked_xp_scores integer NOT NULL,
    ol_team_block_wins integer NOT NULL,
    ol_team_block_losses integer NOT NULL,
    ol_team_block_draws integer NOT NULL,
    pancake_blocks integer NOT NULL,
    num_sacks_allowed integer NOT NULL,
    num_tackles integer NOT NULL,
    num_forced_fumbles integer NOT NULL,
    num_2_point_conversions integer NOT NULL,
    num_2_point_conversion_attempts integer NOT NULL,
    dl_team_block_wins integer NOT NULL,
    dl_team_block_losses integer NOT NULL,
    dl_team_block_draws integer NOT NULL
);


ALTER TABLE public.game_team_stats OWNER TO postgres;

--
-- TOC entry 252 (class 1259 OID 16613)
-- Name: game_type; Type: TABLE; Schema: public; Owner: postgres
--

CREATE TABLE public.game_type (
    id integer NOT NULL,
    type_id integer NOT NULL
);


ALTER TABLE public.game_type OWNER TO postgres;

--
-- TOC entry 253 (class 1259 OID 16616)
-- Name: game_wr_stats; Type: TABLE; Schema: public; Owner: postgres
--

CREATE TABLE public.game_wr_stats (
    id integer NOT NULL,
    game_id integer NOT NULL,
    player_id integer NOT NULL,
    receiving_yards integer NOT NULL,
    num_receptions integer NOT NULL,
    rushing_yards integer NOT NULL,
    rushing_attempts integer NOT NULL,
    num_receiving_tds integer NOT NULL,
    num_receiving_2_point_conversions integer NOT NULL,
    num_rushing_tds integer NOT NULL,
    num_rushing_2_point_conversions integer NOT NULL
);


ALTER TABLE public.game_wr_stats OWNER TO postgres;

--
-- TOC entry 254 (class 1259 OID 16619)
-- Name: league; Type: TABLE; Schema: public; Owner: postgres
--

CREATE TABLE public.league (
    id integer NOT NULL,
    name character varying(50) NOT NULL,
    abbreviation character varying(4),
    weather_setting boolean,
    injury_setting boolean,
    female_setting boolean,
    neutral_site_setting boolean,
    num_playoff_teams_per_conference integer,
    num_weeks_regular_season integer,
    num_teams_per_conference integer,
    num_divisions_per_conference integer
);


ALTER TABLE public.league OWNER TO postgres;

--
-- TOC entry 255 (class 1259 OID 16622)
-- Name: player; Type: TABLE; Schema: public; Owner: postgres
--

CREATE TABLE public.player (
    id integer NOT NULL,
    first_name character varying(30) NOT NULL,
    middle_initial character varying(3),
    last_name character varying(45) NOT NULL,
    number integer,
    age integer NOT NULL,
    first_season_id integer NOT NULL,
    last_season_id integer NOT NULL,
    injury_status integer NOT NULL,
    alma_mater character varying(75) NOT NULL,
    primary_position character varying(3) NOT NULL,
    secondary_position character varying(3),
    draft_position character varying(5),
    salary integer NOT NULL,
    height character varying(4) NOT NULL,
    weight integer NOT NULL,
    league_id integer NOT NULL,
    playing_status integer,
    draft_value real,
    draft_rank integer
);


ALTER TABLE public.player OWNER TO postgres;

--
-- TOC entry 256 (class 1259 OID 16625)
-- Name: player_game_plays; Type: TABLE; Schema: public; Owner: postgres
--

CREATE TABLE public.player_game_plays (
    id integer NOT NULL,
    player_id integer NOT NULL,
    game_play_id integer NOT NULL
);


ALTER TABLE public.player_game_plays OWNER TO postgres;

--
-- TOC entry 257 (class 1259 OID 16628)
-- Name: player_pool; Type: TABLE; Schema: public; Owner: postgres
--

CREATE TABLE public.player_pool (
    id integer NOT NULL,
    player_id integer NOT NULL,
    status integer NOT NULL,
    league_id integer NOT NULL
);


ALTER TABLE public.player_pool OWNER TO postgres;

--
-- TOC entry 258 (class 1259 OID 16631)
-- Name: player_specs_cb; Type: TABLE; Schema: public; Owner: postgres
--

CREATE TABLE public.player_specs_cb (
    id integer NOT NULL,
    player_id integer NOT NULL,
    speed_rating real NOT NULL,
    route_rating real NOT NULL,
    pass_defense_rating real NOT NULL,
    interception_rating real NOT NULL,
    fumble_inducement_rating real NOT NULL,
    tackle_rating real NOT NULL,
    penalty_avoidance_rating real NOT NULL,
    career_arc_dict text NOT NULL
);


ALTER TABLE public.player_specs_cb OWNER TO postgres;

--
-- TOC entry 259 (class 1259 OID 16636)
-- Name: player_specs_dl; Type: TABLE; Schema: public; Owner: postgres
--

CREATE TABLE public.player_specs_dl (
    id integer NOT NULL,
    player_id integer NOT NULL,
    block_power_rating real NOT NULL,
    block_agility_rating real NOT NULL,
    speed_rating real NOT NULL,
    pass_knockdown_rating real NOT NULL,
    penalty_avoidance_rating real NOT NULL,
    tackle_rating real NOT NULL,
    fumble_inducement_rating real NOT NULL,
    fumble_recovery_rating real NOT NULL,
    career_arc_dict text NOT NULL
);


ALTER TABLE public.player_specs_dl OWNER TO postgres;

--
-- TOC entry 260 (class 1259 OID 16641)
-- Name: player_specs_fb; Type: TABLE; Schema: public; Owner: postgres
--

CREATE TABLE public.player_specs_fb (
    id integer NOT NULL,
    player_id integer NOT NULL,
    speed_rating real NOT NULL,
    elusiveness_rating real NOT NULL,
    strength_rating real NOT NULL,
    ball_protection_rating real NOT NULL,
    catching_rating real NOT NULL,
    stamina_rating real NOT NULL,
    career_arc_dict text NOT NULL
);


ALTER TABLE public.player_specs_fb OWNER TO postgres;

--
-- TOC entry 261 (class 1259 OID 16646)
-- Name: player_specs_k; Type: TABLE; Schema: public; Owner: postgres
--

CREATE TABLE public.player_specs_k (
    id integer NOT NULL,
    player_id integer NOT NULL,
    leg_rating real NOT NULL,
    accuracy_rating real NOT NULL,
    adjustment_rating real NOT NULL,
    onside_kick_rating real NOT NULL,
    directionality_rating real NOT NULL,
    career_arc_dict text NOT NULL
);


ALTER TABLE public.player_specs_k OWNER TO postgres;

--
-- TOC entry 262 (class 1259 OID 16651)
-- Name: player_specs_lb; Type: TABLE; Schema: public; Owner: postgres
--

CREATE TABLE public.player_specs_lb (
    id integer NOT NULL,
    player_id integer NOT NULL,
    speed_rating real NOT NULL,
    route_rating real NOT NULL,
    pass_defense_rating real NOT NULL,
    interception_rating real NOT NULL,
    fumble_inducement_rating real NOT NULL,
    tackle_rating real NOT NULL,
    penalty_avoidance_rating real NOT NULL,
    career_arc_dict text NOT NULL
);


ALTER TABLE public.player_specs_lb OWNER TO postgres;

--
-- TOC entry 263 (class 1259 OID 16656)
-- Name: player_specs_ol; Type: TABLE; Schema: public; Owner: postgres
--

CREATE TABLE public.player_specs_ol (
    id integer NOT NULL,
    player_id integer NOT NULL,
    block_power_rating real NOT NULL,
    block_agility_rating real NOT NULL,
    penalty_avoidance_rating real NOT NULL,
    fumble_recovery_rating real NOT NULL,
    career_arc_dict text NOT NULL
);


ALTER TABLE public.player_specs_ol OWNER TO postgres;

--
-- TOC entry 264 (class 1259 OID 16661)
-- Name: player_specs_p; Type: TABLE; Schema: public; Owner: postgres
--

CREATE TABLE public.player_specs_p (
    id integer NOT NULL,
    player_id integer NOT NULL,
    leg_rating real NOT NULL,
    directionality_rating real NOT NULL,
    hangtime_rating real NOT NULL,
    precision_rating real NOT NULL,
    consistency_rating real NOT NULL,
    surehands_rating real NOT NULL,
    career_arc_dict text NOT NULL
);


ALTER TABLE public.player_specs_p OWNER TO postgres;

--
-- TOC entry 265 (class 1259 OID 16666)
-- Name: player_specs_qb; Type: TABLE; Schema: public; Owner: postgres
--

CREATE TABLE public.player_specs_qb (
    id integer NOT NULL,
    player_id integer NOT NULL,
    arm_strength_rating real NOT NULL,
    arm_accuracy_rating real NOT NULL,
    intelligence_rating real NOT NULL,
    speed_rating real NOT NULL,
    elusiveness_rating real NOT NULL,
    stamina_rating real NOT NULL,
    career_arc_dict text NOT NULL
);


ALTER TABLE public.player_specs_qb OWNER TO postgres;

--
-- TOC entry 266 (class 1259 OID 16671)
-- Name: player_specs_rb; Type: TABLE; Schema: public; Owner: postgres
--

CREATE TABLE public.player_specs_rb (
    id integer NOT NULL,
    player_id integer NOT NULL,
    speed_rating real NOT NULL,
    elusiveness_rating real NOT NULL,
    strength_rating real NOT NULL,
    ball_protection_rating real NOT NULL,
    catching_rating real NOT NULL,
    stamina_rating real NOT NULL,
    career_arc_dict text NOT NULL
);


ALTER TABLE public.player_specs_rb OWNER TO postgres;

--
-- TOC entry 267 (class 1259 OID 16676)
-- Name: player_specs_sf; Type: TABLE; Schema: public; Owner: postgres
--

CREATE TABLE public.player_specs_sf (
    id integer NOT NULL,
    player_id integer NOT NULL,
    speed_rating real NOT NULL,
    route_rating real NOT NULL,
    pass_defense_rating real NOT NULL,
    interception_rating real NOT NULL,
    fumble_inducement_rating real NOT NULL,
    tackle_rating real NOT NULL,
    penalty_avoidance_rating real NOT NULL,
    career_arc_dict text NOT NULL
);


ALTER TABLE public.player_specs_sf OWNER TO postgres;

--
-- TOC entry 268 (class 1259 OID 16681)
-- Name: player_specs_std; Type: TABLE; Schema: public; Owner: postgres
--

CREATE TABLE public.player_specs_std (
    id integer NOT NULL,
    player_id integer NOT NULL,
    speed_rating real NOT NULL,
    agility_rating real NOT NULL,
    tackle_rating real NOT NULL,
    fumble_inducement_rating real NOT NULL,
    career_arc_dict text NOT NULL
);


ALTER TABLE public.player_specs_std OWNER TO postgres;

--
-- TOC entry 269 (class 1259 OID 16686)
-- Name: player_specs_sto; Type: TABLE; Schema: public; Owner: postgres
--

CREATE TABLE public.player_specs_sto (
    id integer NOT NULL,
    player_id integer NOT NULL,
    speed_rating real NOT NULL,
    elusiveness_rating real NOT NULL,
    strength_rating real NOT NULL,
    ball_protection_rating real NOT NULL,
    career_arc_dict text NOT NULL
);


ALTER TABLE public.player_specs_sto OWNER TO postgres;

--
-- TOC entry 270 (class 1259 OID 16691)
-- Name: player_specs_te; Type: TABLE; Schema: public; Owner: postgres
--

CREATE TABLE public.player_specs_te (
    id integer NOT NULL,
    player_id integer NOT NULL,
    catching_rating real NOT NULL,
    route_rating real NOT NULL,
    speed_rating real NOT NULL,
    ball_protection_rating real NOT NULL,
    strength_rating real NOT NULL,
    stamina_rating real NOT NULL,
    block_power_rating real NOT NULL,
    block_agility_rating real NOT NULL,
    career_arc_dict text NOT NULL
);


ALTER TABLE public.player_specs_te OWNER TO postgres;

--
-- TOC entry 271 (class 1259 OID 16696)
-- Name: player_specs_wr; Type: TABLE; Schema: public; Owner: postgres
--

CREATE TABLE public.player_specs_wr (
    id integer NOT NULL,
    player_id integer NOT NULL,
    catching_rating real NOT NULL,
    route_rating real NOT NULL,
    jumping_rating real NOT NULL,
    speed_rating real NOT NULL,
    ball_protection_rating real NOT NULL,
    stamina_rating real NOT NULL,
    penalty_avoidance_rating real NOT NULL,
    career_arc_dict text NOT NULL
);


ALTER TABLE public.player_specs_wr OWNER TO postgres;

--
-- TOC entry 272 (class 1259 OID 16701)
-- Name: player_team; Type: TABLE; Schema: public; Owner: postgres
--

CREATE TABLE public.player_team (
    player_team_id integer NOT NULL,
    player_id integer NOT NULL,
    team_id integer NOT NULL,
    season_id integer NOT NULL,
    league_id integer
);


ALTER TABLE public.player_team OWNER TO postgres;

--
-- TOC entry 273 (class 1259 OID 16704)
-- Name: season; Type: TABLE; Schema: public; Owner: postgres
--

CREATE TABLE public.season (
    id integer NOT NULL,
    start_time timestamp without time zone,
    end_time timestamp without time zone,
    season_year integer NOT NULL,
    league_id integer NOT NULL,
    created_draft_list boolean
);


ALTER TABLE public.season OWNER TO postgres;

--
-- TOC entry 274 (class 1259 OID 16707)
-- Name: stadium; Type: TABLE; Schema: public; Owner: postgres
--

CREATE TABLE public.stadium (
    stadium_id integer NOT NULL,
    stadium_name character varying(60) NOT NULL,
    stadium_capacity integer NOT NULL,
    city_id integer NOT NULL,
    is_dome boolean NOT NULL
);


ALTER TABLE public.stadium OWNER TO postgres;

--
-- TOC entry 275 (class 1259 OID 16710)
-- Name: team; Type: TABLE; Schema: public; Owner: postgres
--

CREATE TABLE public.team (
    id integer NOT NULL,
    nickname character varying(50) NOT NULL,
    first_season_id integer NOT NULL,
    current_season_wins integer NOT NULL,
    current_season_losses integer NOT NULL,
    stadium_id integer,
    conference_id integer,
    division_id integer,
    league_id integer,
    logo_file_path text
);


ALTER TABLE public.team OWNER TO postgres;

--
-- TOC entry 276 (class 1259 OID 16713)
-- Name: team_city; Type: TABLE; Schema: public; Owner: postgres
--

CREATE TABLE public.team_city (
    team_city_id integer NOT NULL,
    team_id integer NOT NULL,
    city_id integer NOT NULL,
    first_season_id integer NOT NULL,
    stadium_id integer NOT NULL,
    league_id integer
);


ALTER TABLE public.team_city OWNER TO postgres;

--
-- TOC entry 277 (class 1259 OID 16716)
-- Name: team_season; Type: TABLE; Schema: public; Owner: postgres
--

CREATE TABLE public.team_season (
    id integer NOT NULL,
    team_id integer NOT NULL,
    season_id integer NOT NULL,
    league_id integer,
    preseason_power_ranking real
);


ALTER TABLE public.team_season OWNER TO postgres;

--
-- TOC entry 4045 (class 0 OID 16410)
-- Dependencies: 216
-- Data for Name: auth_group; Type: TABLE DATA; Schema: public; Owner: django
--

COPY public.auth_group (id, name) FROM stdin;
\.


--
-- TOC entry 4047 (class 0 OID 16418)
-- Dependencies: 218
-- Data for Name: auth_group_permissions; Type: TABLE DATA; Schema: public; Owner: django
--

COPY public.auth_group_permissions (id, group_id, permission_id) FROM stdin;
\.


--
-- TOC entry 4043 (class 0 OID 16404)
-- Dependencies: 214
-- Data for Name: auth_permission; Type: TABLE DATA; Schema: public; Owner: django
--

COPY public.auth_permission (id, name, content_type_id, codename) FROM stdin;
1	Can add log entry	1	add_logentry
2	Can change log entry	1	change_logentry
3	Can delete log entry	1	delete_logentry
4	Can view log entry	1	view_logentry
5	Can add permission	2	add_permission
6	Can change permission	2	change_permission
7	Can delete permission	2	delete_permission
8	Can view permission	2	view_permission
9	Can add group	3	add_group
10	Can change group	3	change_group
11	Can delete group	3	delete_group
12	Can view group	3	view_group
13	Can add user	4	add_user
14	Can change user	4	change_user
15	Can delete user	4	delete_user
16	Can view user	4	view_user
17	Can add content type	5	add_contenttype
18	Can change content type	5	change_contenttype
19	Can delete content type	5	delete_contenttype
20	Can view content type	5	view_contenttype
21	Can add session	6	add_session
22	Can change session	6	change_session
23	Can delete session	6	delete_session
24	Can view session	6	view_session
25	Can add teacher	7	add_teacher
26	Can change teacher	7	change_teacher
27	Can delete teacher	7	delete_teacher
28	Can view teacher	7	view_teacher
\.


--
-- TOC entry 4049 (class 0 OID 16424)
-- Dependencies: 220
-- Data for Name: auth_user; Type: TABLE DATA; Schema: public; Owner: django
--

COPY public.auth_user (id, password, last_login, is_superuser, username, first_name, last_name, email, is_staff, is_active, date_joined) FROM stdin;
2	pbkdf2_sha256$870000$JwDbA1uta7giI2vSYvC9YN$LsiSp1+HXmqvA0zOEW8xCrUmVkRJR+EClarJfARBoHM=	\N	t	jpartyka2000@gmail.com	Jeffrey	Partyka	jpartyka2000@gmail.com	f	t	2024-08-29 15:11:52-06
3	pbkdf2_sha256$870000$4vib7cxXCLPsSzmW4F24WK$s9uwRnu2N+pohd5AwRr74lAIbyssjk9ur1ImunFrE8g=	\N	t	django	Django	User		t	t	2024-08-31 15:11:52-06
1	pbkdf2_sha256$870000$jH7KMclWwRroEUqnhGI1os$u1Dz0FqH+U9k+gVLNYvsk8KkJ0eNTO3jgnFSdTuL+mM=	2024-08-31 15:11:04-06	t	admin	admin	admin	jpartyka2000@gmail.com	t	t	2024-08-29 15:10:29-06
\.


--
-- TOC entry 4051 (class 0 OID 16432)
-- Dependencies: 222
-- Data for Name: auth_user_groups; Type: TABLE DATA; Schema: public; Owner: django
--

COPY public.auth_user_groups (id, user_id, group_id) FROM stdin;
\.


--
-- TOC entry 4053 (class 0 OID 16438)
-- Dependencies: 224
-- Data for Name: auth_user_user_permissions; Type: TABLE DATA; Schema: public; Owner: django
--

COPY public.auth_user_user_permissions (id, user_id, permission_id) FROM stdin;
\.


--
-- TOC entry 4057 (class 0 OID 16539)
-- Dependencies: 228
-- Data for Name: city; Type: TABLE DATA; Schema: public; Owner: postgres
--

COPY public.city (city_id, city_name, city_weather_profile_id) FROM stdin;
1	New York	1
2	Miami	1
3	Atlanta	1
4	Buffalo	1
5	Washington	1
6	Philadelphia	1
7	Chicago	1
8	Detroit	1
9	Pittsburgh	1
10	Green Bay	1
11	New Orleans	1
12	Cincinnati	1
13	Dallas	1
14	Minnesota	1
15	Kansas City	1
16	Denver	1
17	St. Louis	1
18	Houston	1
19	Seattle	1
20	San Francisco	1
21	Oakland	1
22	San Diego	1
23	Arizona	1
24	Las Vegas	1
25	Boston	1
26	Indianapolis	1
27	Oklahoma City	1
28	Los Angeles	1
29	Carolina	1
30	Cleveland	1
31	Omaha	1
32	Portland	1
33	London	1
34	Chennai	1
35	Reykjavik	1
36	Kinshasa	1
\.


--
-- TOC entry 4058 (class 0 OID 16542)
-- Dependencies: 229
-- Data for Name: coach; Type: TABLE DATA; Schema: public; Owner: postgres
--

COPY public.coach (id, first_name, middle_initial, last_name, risk_profile_id, time_management_skills_id) FROM stdin;
\.


--
-- TOC entry 4059 (class 0 OID 16545)
-- Dependencies: 230
-- Data for Name: conference; Type: TABLE DATA; Schema: public; Owner: postgres
--

COPY public.conference (id, conference_name, league_id, first_season_id) FROM stdin;
\.


--
-- TOC entry 4060 (class 0 OID 16548)
-- Dependencies: 231
-- Data for Name: default_teams; Type: TABLE DATA; Schema: public; Owner: postgres
--

COPY public.default_teams (id, city_id, nickname, logo_file_name) FROM stdin;
1	1	Titans	new_york_titans.png
3	3	Talons	atlanta_talons.png
4	4	Bison	buffalo_bison.png
5	5	Fascists	washington_fascists.png
6	6	Vermin	philadelphia_vermin.png
7	7	Soldiers	chicago_soldiers.png
8	8	Autos	detroit_autos.png
9	9	Steel	pittsburgh_steel.png
10	10	Cheeseheads	green_bay_cheeseheads.png
11	11	Melody	new_orleans_melody.png
12	12	Inferno	cincinnati_inferno.png
13	13	Lone Stars	dallas_lone_stars.png
14	14	Nordics	minnesota_nordics.png
15	15	Tomahawks	kansas_city_tomahawks.png
18	18	Brawlers	houston_brawlers.png
16	16	14ers	denver_14ers.png
17	17	Bighorns	st_louis_bighorns.png
22	22	Sharks	san_diego_sharks.png
21	21	Knights	oakland_knights.png
20	20	Goldens	san_francisco_goldens.png
19	19	Tsunami	seattle_tsunami.png
23	23	Vistas	arizona_vistas.png
24	24	Rollers	las_vegas_rollers.png
25	25	Beaneaters	new_york_titans.png
26	26	Peytons	new_york_titans.png
27	27	F5s	new_york_titans.png
28	28	Alisters	new_york_titans.png
29	29	Panteras	new_york_titans.png
30	30	Tans	new_york_titans.png
31	31	Cornhuskers	new_york_titans.png
32	32	Goonies	new_york_titans.png
2	2	Agujas	miami_agujas.png
\.


--
-- TOC entry 4061 (class 0 OID 16553)
-- Dependencies: 232
-- Data for Name: division; Type: TABLE DATA; Schema: public; Owner: postgres
--

COPY public.division (id, division_name, conference_id, first_season_id, league_id) FROM stdin;
\.


--
-- TOC entry 4055 (class 0 OID 16496)
-- Dependencies: 226
-- Data for Name: django_admin_log; Type: TABLE DATA; Schema: public; Owner: django
--

COPY public.django_admin_log (id, action_time, object_id, object_repr, action_flag, change_message, content_type_id, user_id) FROM stdin;
1	2024-08-29 15:11:52.466479-06	2	jpartyka	1	[{"added": {}}]	4	1
2	2024-08-29 15:12:22.571177-06	2	jpartyka2000@gmail.com	2	[{"changed": {"fields": ["Username", "First name", "Last name", "Email address", "Superuser status"]}}]	4	1
3	2024-08-31 15:11:52.625389-06	3	django	1	[{"added": {}}]	4	1
4	2024-08-31 15:12:38.989355-06	3	django	2	[{"changed": {"fields": ["First name", "Last name"]}}]	4	1
5	2024-08-31 15:12:50.856289-06	3	django	2	[{"changed": {"fields": ["Superuser status"]}}]	4	1
6	2024-08-31 15:13:17.459637-06	3	django	2	[{"changed": {"fields": ["Staff status"]}}]	4	1
7	2024-08-31 20:37:38.102929-06	1	admin	2	[{"changed": {"fields": ["First name", "Last name"]}}]	4	1
\.


--
-- TOC entry 4041 (class 0 OID 16396)
-- Dependencies: 212
-- Data for Name: django_content_type; Type: TABLE DATA; Schema: public; Owner: django
--

COPY public.django_content_type (id, app_label, model) FROM stdin;
1	admin	logentry
2	auth	permission
3	auth	group
4	auth	user
5	contenttypes	contenttype
6	sessions	session
7	testdb	teacher
\.


--
-- TOC entry 4039 (class 0 OID 16388)
-- Dependencies: 210
-- Data for Name: django_migrations; Type: TABLE DATA; Schema: public; Owner: django
--

COPY public.django_migrations (id, app, name, applied) FROM stdin;
1	contenttypes	0001_initial	2024-08-29 14:53:42.80616-06
2	auth	0001_initial	2024-08-29 14:53:42.862609-06
3	admin	0001_initial	2024-08-29 14:53:42.873411-06
4	admin	0002_logentry_remove_auto_add	2024-08-29 14:53:42.876944-06
5	admin	0003_logentry_add_action_flag_choices	2024-08-29 14:53:42.880543-06
6	contenttypes	0002_remove_content_type_name	2024-08-29 14:53:42.888174-06
7	auth	0002_alter_permission_name_max_length	2024-08-29 14:53:42.892294-06
8	auth	0003_alter_user_email_max_length	2024-08-29 14:53:42.895501-06
9	auth	0004_alter_user_username_opts	2024-08-29 14:53:42.898308-06
10	auth	0005_alter_user_last_login_null	2024-08-29 14:53:42.901383-06
11	auth	0006_require_contenttypes_0002	2024-08-29 14:53:42.901999-06
12	auth	0007_alter_validators_add_error_messages	2024-08-29 14:53:42.904625-06
13	auth	0008_alter_user_username_max_length	2024-08-29 14:53:42.911938-06
14	auth	0009_alter_user_last_name_max_length	2024-08-29 14:53:42.915544-06
15	auth	0010_alter_group_name_max_length	2024-08-29 14:53:42.920043-06
16	auth	0011_update_proxy_permissions	2024-08-29 14:53:42.923694-06
17	auth	0012_alter_user_first_name_max_length	2024-08-29 14:53:42.926936-06
18	sessions	0001_initial	2024-08-29 14:53:42.935108-06
19	testdb	0001_initial	2024-08-29 15:06:50.34413-06
\.


--
-- TOC entry 4056 (class 0 OID 16524)
-- Dependencies: 227
-- Data for Name: django_session; Type: TABLE DATA; Schema: public; Owner: django
--

COPY public.django_session (session_key, session_data, expire_date) FROM stdin;
t5tw37dwczbz594sf81vxxnufmvo323d	.eJxVj80OwiAQhN-FsyH9owWP3n0GsrBLW23A8BMPxne31Samx535ZjPzYimUaEk_YCR2ZilDzNrTUyeCFDw7MQ0lT7okinrGFamPmgF7J78ZeAM_Bm6Dz3E2fEP47iZ-DUjLZWcPDyZI05ombBDt0Cpse-gMCTkQdkZ1nUMDg5RV36BTCMK6oRdSgZVSQoXUoBFua7UQjIX-LX8Tvnf9_gC9EU6a:1slDMs:yHfnppq_adZ7pQShANc0zPvFzHe6ornzj_nabpc4Nr0	2024-09-16 14:09:42.786752-06
\.


--
-- TOC entry 4062 (class 0 OID 16556)
-- Dependencies: 233
-- Data for Name: draft; Type: TABLE DATA; Schema: public; Owner: postgres
--

COPY public.draft (id, host_city_id, season_id, num_rounds, league_id) FROM stdin;
\.


--
-- TOC entry 4063 (class 0 OID 16559)
-- Dependencies: 234
-- Data for Name: draft_pick; Type: TABLE DATA; Schema: public; Owner: postgres
--

COPY public.draft_pick (id, draft_id, round, pick_number, player_id, team_id) FROM stdin;
1	1	1	1	2239	44
2	1	1	2	2054	45
3	1	1	3	2253	41
4	1	1	4	2030	40
5	1	1	5	2057	25
6	1	1	6	2124	38
7	1	1	7	2047	37
8	1	1	8	2159	29
9	1	1	9	2250	48
10	1	1	10	1998	42
11	1	1	11	2001	43
12	1	1	12	2090	39
13	1	1	13	2072	47
14	1	1	14	2155	33
15	1	1	15	2295	36
16	1	1	16	2231	35
17	1	1	17	2096	30
18	1	1	18	2127	27
19	1	1	19	2099	26
20	1	1	20	2194	31
21	1	1	21	2278	34
22	1	1	22	2184	32
23	1	1	23	2138	46
24	1	1	24	1997	28
25	1	2	1	2221	44
26	1	2	2	2142	45
27	1	2	3	2215	41
28	1	2	4	2277	40
29	1	2	5	2048	25
30	1	2	6	2062	38
31	1	2	7	2232	37
32	1	2	8	2189	29
33	1	2	9	2285	48
34	1	2	10	2174	42
35	1	2	11	2268	43
36	1	2	12	2201	39
37	1	2	13	2282	47
38	1	2	14	2029	33
39	1	2	15	2179	36
40	1	2	16	2257	35
41	1	2	17	2165	30
42	1	2	18	2235	27
43	1	2	19	2299	26
44	1	2	20	2271	31
45	1	2	21	2217	34
46	1	2	22	1980	32
47	1	2	23	2230	46
48	1	2	24	1988	28
49	1	3	1	2100	44
50	1	3	2	2071	45
51	1	3	3	2173	41
52	1	3	4	2199	40
53	1	3	5	2300	25
54	1	3	6	2068	38
55	1	3	7	2273	37
56	1	3	8	2291	29
57	1	3	9	2181	48
58	1	3	10	2064	42
59	1	3	11	1983	43
60	1	3	12	2113	39
61	1	3	13	1977	47
62	1	3	14	1970	33
63	1	3	15	2077	36
64	1	3	16	2162	35
65	1	3	17	2058	30
66	1	3	18	2240	27
67	1	3	19	2075	26
68	1	3	20	2033	31
69	1	3	21	2103	34
70	1	3	22	1978	32
71	1	3	23	2021	46
72	1	3	24	2002	28
73	1	4	1	2016	44
74	1	4	2	2197	45
75	1	4	3	2147	41
76	1	4	4	2007	40
77	1	4	5	2200	25
78	1	4	6	1992	38
79	1	4	7	1979	37
80	1	4	8	2212	29
81	1	4	9	1973	48
82	1	4	10	2148	42
83	1	4	11	1991	43
84	1	4	12	2274	39
85	1	4	13	2117	47
86	1	4	14	2078	33
87	1	4	15	2209	36
88	1	4	16	2005	35
89	1	4	17	2198	30
90	1	4	18	1984	27
91	1	4	19	2141	26
92	1	4	20	2263	31
93	1	4	21	2131	34
94	1	4	22	2069	32
95	1	4	23	2035	46
96	1	4	24	2226	28
97	1	5	1	2203	44
98	1	5	2	2229	45
99	1	5	3	2208	41
100	1	5	4	2034	40
101	1	5	5	2120	25
102	1	5	6	2073	38
103	1	5	7	2180	37
104	1	5	8	2043	29
105	1	5	9	2011	48
106	1	5	10	2046	42
107	1	5	11	2026	43
108	1	5	12	2012	39
109	1	5	13	2085	47
110	1	5	14	2121	33
111	1	5	15	2244	36
112	1	5	16	2050	35
113	1	5	17	2301	30
114	1	5	18	2152	27
115	1	5	19	2089	26
116	1	5	20	1986	31
117	1	5	21	2133	34
118	1	5	22	2110	32
119	1	5	23	2193	46
120	1	5	24	2243	28
121	1	6	1	2169	44
122	1	6	2	2187	45
123	1	6	3	2259	41
124	1	6	4	2176	40
125	1	6	5	2008	25
126	1	6	6	2140	38
127	1	6	7	2267	37
128	1	6	8	2118	29
129	1	6	9	2288	48
130	1	6	10	2146	42
131	1	6	11	2145	43
132	1	6	12	2166	39
133	1	6	13	2015	47
134	1	6	14	2190	33
135	1	6	15	1993	36
136	1	6	16	2195	35
137	1	6	17	2286	30
138	1	6	18	1974	27
139	1	6	19	2293	26
140	1	6	20	1976	31
141	1	6	21	2207	34
142	1	6	22	2086	32
143	1	6	23	2061	46
144	1	6	24	2125	28
145	1	7	1	2246	44
146	1	7	2	2143	45
147	1	7	3	2151	41
148	1	7	4	2251	40
149	1	7	5	2039	25
150	1	7	6	2298	38
151	1	7	7	2262	37
152	1	7	8	2254	29
153	1	7	9	2161	48
154	1	7	10	2296	42
155	1	7	11	2261	43
156	1	7	12	2213	39
157	1	7	13	1994	47
158	1	7	14	2081	33
159	1	7	15	2108	36
160	1	7	16	2188	35
161	1	7	17	2218	30
162	1	7	18	2036	27
163	1	7	19	2219	26
164	1	7	20	1995	31
165	1	7	21	2258	34
166	1	7	22	2087	32
167	1	7	23	2023	46
168	1	7	24	2022	28
169	1	8	1	2236	44
170	1	8	2	2216	45
171	1	8	3	1985	41
172	1	8	4	2175	40
173	1	8	5	2183	25
174	1	8	6	2245	38
175	1	8	7	2067	37
176	1	8	8	2281	29
177	1	8	9	2225	48
178	1	8	10	2112	42
179	1	8	11	2070	43
180	1	8	12	2109	39
181	1	8	13	2083	47
182	1	8	14	2279	33
183	1	8	15	2272	36
184	1	8	16	2019	35
185	1	8	17	2139	30
186	1	8	18	2156	27
187	1	8	19	2260	26
188	1	8	20	2013	31
189	1	8	21	2060	34
190	1	8	22	2302	32
191	1	8	23	2154	46
192	1	8	24	2134	28
193	1	1	1	1209	7
194	1	1	2	1042	13
195	1	1	3	1301	11
196	1	1	4	1182	18
197	1	1	5	1256	3
198	1	1	6	1032	15
199	1	1	7	1228	12
200	1	1	8	1297	9
201	1	1	9	1022	22
202	1	1	10	1049	8
203	1	1	11	1143	21
204	1	1	12	1021	1
205	1	1	13	1018	2
206	1	1	14	1217	17
207	1	1	15	1112	14
208	1	1	16	1027	5
209	1	1	17	1014	19
210	1	1	18	1144	23
211	1	1	19	1171	20
212	1	1	20	1175	4
213	1	1	21	1088	6
214	1	1	22	1125	24
215	1	1	23	1242	16
216	1	1	24	1129	10
217	1	2	1	1071	7
218	1	2	2	1204	13
219	1	2	3	994	11
220	1	2	4	1238	18
221	1	2	5	1284	3
222	1	2	6	1307	15
223	1	2	7	1008	12
224	1	2	8	1077	9
225	1	2	9	1083	22
226	1	2	10	1108	8
227	1	2	11	1167	21
228	1	2	12	1197	1
229	1	2	13	1121	2
230	1	2	14	1013	17
231	1	2	15	1119	14
232	1	2	16	1247	5
233	1	2	17	1130	19
234	1	2	18	1293	23
235	1	2	19	1101	20
236	1	2	20	1315	4
237	1	2	21	1111	6
238	1	2	22	1183	24
239	1	2	23	1154	16
240	1	2	24	1260	10
241	1	3	1	1074	7
242	1	3	2	1308	13
243	1	3	3	1314	11
244	1	3	4	1312	18
245	1	3	5	1102	3
246	1	3	6	1035	15
247	1	3	7	1239	12
248	1	3	8	1273	9
249	1	3	9	1200	22
250	1	3	10	1124	8
251	1	3	11	1241	21
252	1	3	12	1176	1
253	1	3	13	1080	2
254	1	3	14	1163	17
255	1	3	15	1030	14
256	1	3	16	1246	5
257	1	3	17	1056	19
258	1	3	18	1133	23
259	1	3	19	1267	20
260	1	3	20	1065	4
261	1	3	21	1213	6
262	1	3	22	1079	24
263	1	3	23	1028	16
264	1	3	24	1245	10
265	1	4	1	1158	7
266	1	4	2	995	13
267	1	4	3	1187	11
268	1	4	4	1120	18
269	1	4	5	1298	3
270	1	4	6	990	15
271	1	4	7	986	12
272	1	4	8	1231	9
273	1	4	9	1136	22
274	1	4	10	1153	8
275	1	4	11	1054	21
276	1	4	12	1262	1
277	1	4	13	1106	2
278	1	4	14	1084	17
279	1	4	15	1073	14
280	1	4	16	1191	5
281	1	4	17	999	19
282	1	4	18	1259	23
283	1	4	19	1105	20
284	1	4	20	1289	4
285	1	4	21	1206	6
286	1	4	22	1031	24
287	1	4	23	1025	16
288	1	4	24	1169	10
289	1	5	1	1038	7
290	1	5	2	1177	13
291	1	5	3	1295	11
292	1	5	4	1007	18
293	1	5	5	1087	3
294	1	5	6	1164	15
295	1	5	7	1210	12
296	1	5	8	1257	9
297	1	5	9	1185	22
298	1	5	10	1288	8
299	1	5	11	1037	21
300	1	5	12	1316	1
301	1	5	13	1269	2
302	1	5	14	1148	17
303	1	5	15	1157	14
304	1	5	16	1078	5
305	1	5	17	1281	19
306	1	5	18	1190	23
307	1	5	19	1010	20
308	1	5	20	1309	4
309	1	5	21	1304	6
310	1	5	22	991	24
311	1	5	23	1218	16
312	1	5	24	1274	10
313	1	6	1	1093	7
314	1	6	2	1115	13
315	1	6	3	1009	11
316	1	6	4	1279	18
317	1	6	5	1203	3
318	1	6	6	1147	15
319	1	6	7	1220	12
320	1	6	8	1162	9
321	1	6	9	987	22
322	1	6	10	1282	8
323	1	6	11	1226	21
324	1	6	12	1046	1
325	1	6	13	1178	2
326	1	6	14	1094	17
327	1	6	15	1091	14
328	1	6	16	1224	5
329	1	6	17	1138	19
330	1	6	18	1142	23
331	1	6	19	1055	20
332	1	6	20	1017	4
333	1	6	21	1255	6
334	1	6	22	1123	24
335	1	6	23	996	16
336	1	6	24	1003	10
337	1	7	1	1060	7
338	1	7	2	1011	13
339	1	7	3	1059	11
340	1	7	4	993	18
341	1	7	5	1180	3
342	1	7	6	1004	15
343	1	7	7	1045	12
344	1	7	8	1237	9
345	1	7	9	1221	22
346	1	7	10	1155	8
347	1	7	11	1303	21
348	1	7	12	1161	1
349	1	7	13	1113	2
350	1	7	14	1051	17
351	1	7	15	1134	14
352	1	7	16	1283	5
353	1	7	17	1165	19
354	1	7	18	1092	23
355	1	7	19	1052	20
356	1	7	20	1189	4
357	1	7	21	1168	6
358	1	7	22	1090	24
359	1	7	23	1107	16
360	1	7	24	1230	10
361	1	8	1	1227	7
362	1	8	2	1232	13
363	1	8	3	1126	11
364	1	8	4	989	18
365	1	8	5	1266	3
366	1	8	6	1140	15
367	1	8	7	1285	12
368	1	8	8	1278	9
369	1	8	9	1156	22
370	1	8	10	1063	8
371	1	8	11	1201	21
372	1	8	12	1276	1
373	1	8	13	1036	2
374	1	8	14	1270	17
375	1	8	15	1299	14
376	1	8	16	1070	5
377	1	8	17	1188	19
378	1	8	18	1116	23
379	1	8	19	1172	20
380	1	8	20	1199	4
381	1	8	21	1211	6
382	1	8	22	1050	24
383	1	8	23	1040	16
384	1	8	24	1023	10
385	1	1	1	1143	21
386	1	1	2	1256	17
387	1	1	3	1284	6
388	1	1	4	1097	7
389	1	1	5	1133	11
390	1	1	6	1060	13
391	1	1	7	1167	23
392	1	1	8	1246	5
393	1	1	9	989	20
394	1	1	10	1312	12
395	1	1	11	993	9
396	1	1	12	1237	14
397	1	1	13	1171	19
398	1	1	14	1041	24
399	1	1	15	1091	3
400	1	1	16	1214	18
401	1	1	17	1209	22
402	1	1	18	1161	4
403	1	1	19	1315	2
404	1	1	20	1115	16
405	1	1	21	1199	10
406	1	1	22	1056	8
407	1	1	23	1213	1
408	1	1	24	1168	15
409	1	2	1	1004	21
410	1	2	2	1014	17
411	1	2	3	1144	6
412	1	2	4	1032	7
413	1	2	5	1049	11
414	1	2	6	1255	13
415	1	2	7	1261	23
416	1	2	8	1101	5
417	1	2	9	1297	20
418	1	2	10	1309	12
419	1	2	11	1147	9
420	1	2	12	986	14
421	1	2	13	1245	19
422	1	2	14	1217	24
423	1	2	15	1190	3
424	1	2	16	1116	18
425	1	2	17	1126	22
426	1	2	18	1276	4
427	1	2	19	1125	2
428	1	2	20	1154	16
429	1	2	21	1000	10
430	1	2	22	1063	8
431	1	2	23	1283	1
432	1	2	24	1242	15
433	1	3	1	1038	21
434	1	3	2	1234	17
435	1	3	3	1227	6
436	1	3	4	1087	7
437	1	3	5	1055	11
438	1	3	6	1136	13
439	1	3	7	1079	23
440	1	3	8	1075	5
441	1	3	9	1130	20
442	1	3	10	1074	12
443	1	3	11	1149	9
444	1	3	12	1264	14
445	1	3	13	1293	19
446	1	3	14	1006	24
447	1	3	15	1201	3
448	1	3	16	1120	18
449	1	3	17	1110	22
450	1	3	18	1057	4
451	1	3	19	1134	2
452	1	3	20	1210	16
453	1	3	21	1172	10
454	1	3	22	1021	8
455	1	3	23	1205	1
456	1	3	24	1105	15
457	1	4	1	1164	21
458	1	4	2	1043	17
459	1	4	3	1017	6
460	1	4	4	1157	7
461	1	4	5	1035	11
462	1	4	6	1195	13
463	1	4	7	1260	23
464	1	4	8	1083	5
465	1	4	9	1262	20
466	1	4	10	1287	12
467	1	4	11	1273	9
468	1	4	12	1018	14
469	1	4	13	1275	19
470	1	4	14	1288	24
471	1	4	15	1027	3
472	1	4	16	1189	18
473	1	4	17	1220	22
474	1	4	18	1181	4
475	1	4	19	1162	2
476	1	4	20	1269	16
477	1	4	21	1280	10
478	1	4	22	1188	8
479	1	4	23	1251	1
480	1	4	24	994	15
481	1	5	1	1239	21
482	1	5	2	1098	17
483	1	5	3	1103	6
484	1	5	4	1295	7
485	1	5	5	1232	11
486	1	5	6	996	13
487	1	5	7	1158	23
488	1	5	8	1026	5
489	1	5	9	1127	20
490	1	5	10	1175	12
491	1	5	11	1259	9
492	1	5	12	1289	14
493	1	5	13	1046	19
494	1	5	14	1029	24
495	1	5	15	1206	3
496	1	5	16	1092	18
497	1	5	17	1294	22
498	1	5	18	1182	4
499	1	5	19	1080	2
500	1	5	20	985	16
501	1	5	21	1192	10
502	1	5	22	1013	8
503	1	5	23	1303	1
504	1	5	24	1071	15
505	1	6	1	999	21
506	1	6	2	1066	17
507	1	6	3	1151	6
508	1	6	4	1064	7
509	1	6	5	1301	11
510	1	6	6	1121	13
511	1	6	7	1031	23
512	1	6	8	1304	5
513	1	6	9	1252	20
514	1	6	10	1062	12
515	1	6	11	1281	9
516	1	6	12	1230	14
517	1	6	13	990	19
518	1	6	14	1112	24
519	1	6	15	1224	3
520	1	6	16	1178	18
521	1	6	17	1059	22
522	1	6	18	1186	4
523	1	6	19	1007	2
524	1	6	20	1231	16
525	1	6	21	1108	10
526	1	6	22	1052	8
527	1	6	23	1085	1
528	1	6	24	1111	15
529	1	7	1	1216	21
530	1	7	2	1212	17
531	1	7	3	1119	6
532	1	7	4	1150	7
533	1	7	5	1177	11
534	1	7	6	1170	13
535	1	7	7	1180	23
536	1	7	8	1318	5
537	1	7	9	1279	20
538	1	7	10	1003	12
539	1	7	11	1265	9
540	1	7	12	1247	14
541	1	7	13	1065	19
542	1	7	14	1129	24
543	1	7	15	1241	3
544	1	7	16	1024	18
545	1	7	17	1218	22
546	1	7	18	1009	4
547	1	7	19	1290	2
548	1	7	20	1122	16
549	1	7	21	1274	10
550	1	7	22	1131	8
551	1	7	23	1238	1
552	1	7	24	1094	15
553	1	8	1	997	21
554	1	8	2	1069	17
555	1	8	3	1266	6
556	1	8	4	1298	7
557	1	8	5	1142	11
558	1	8	6	1253	13
559	1	8	7	1204	23
560	1	8	8	1203	5
561	1	8	9	1084	20
562	1	8	10	1070	12
563	1	8	11	1106	9
564	1	8	12	1228	14
565	1	8	13	1118	19
566	1	8	14	1316	24
567	1	8	15	1045	3
568	1	8	16	1233	18
569	1	8	17	1185	22
570	1	8	18	1093	4
571	1	8	19	1135	2
572	1	8	20	1207	16
573	1	8	21	1036	10
574	1	8	22	1302	8
575	1	8	23	1193	1
576	1	8	24	1002	15
\.


--
-- TOC entry 4064 (class 0 OID 16562)
-- Dependencies: 235
-- Data for Name: game; Type: TABLE DATA; Schema: public; Owner: postgres
--

COPY public.game (id, season_id, gamedate, visiting_team_id, home_team_id, home_team_city_id, week, game_type_id, visiting_team_points, home_team_points, num_overtimes, stadium_id, attendance, league_id) FROM stdin;
\.


--
-- TOC entry 4065 (class 0 OID 16565)
-- Dependencies: 236
-- Data for Name: game_cb_stats; Type: TABLE DATA; Schema: public; Owner: postgres
--

COPY public.game_cb_stats (id, game_id, player_id, num_receptions_allowed, num_challenges, num_interceptions, int_return_yards, int_return_tds, num_fumbles_recovered, fumble_return_yards, num_tackles, num_forced_fumbles) FROM stdin;
\.


--
-- TOC entry 4066 (class 0 OID 16568)
-- Dependencies: 237
-- Data for Name: game_dl_stats; Type: TABLE DATA; Schema: public; Owner: postgres
--

COPY public.game_dl_stats (id, game_id, player_id, num_block_wins, num_block_losses, num_block_draws, num_sacks, num_times_pancaked, num_fumble_recoveries, num_interceptions, interception_return_yards, interception_return_tds, interception_return_2_point_conversions, fumble_return_yards, num_tackles, num_forced_fumbles) FROM stdin;
\.


--
-- TOC entry 4067 (class 0 OID 16571)
-- Dependencies: 238
-- Data for Name: game_fb_stats; Type: TABLE DATA; Schema: public; Owner: postgres
--

COPY public.game_fb_stats (id, game_id, player_id, rushing_yards, rushing_attempts, receiving_yards, rushing_tds, receiving_tds, rushing_2_point_conversions, receiving_2_point_conversions, num_fumbles, num_block_wins, num_block_losses, num_block_draws, passing_yards, passing_tds, passing_attempts) FROM stdin;
\.


--
-- TOC entry 4068 (class 0 OID 16574)
-- Dependencies: 239
-- Data for Name: game_k_stats; Type: TABLE DATA; Schema: public; Owner: postgres
--

COPY public.game_k_stats (id, game_id, player_id, num_xps, num_xp_attempts, num_fgs, num_fg_attempts, rushing_yards, rushing_attempts, rushing_tds, passing_yards, passing_attempts, passing_tds) FROM stdin;
\.


--
-- TOC entry 4069 (class 0 OID 16577)
-- Dependencies: 240
-- Data for Name: game_lb_stats; Type: TABLE DATA; Schema: public; Owner: postgres
--

COPY public.game_lb_stats (id, game_id, player_id, num_receptions_allowed, num_challenges, num_interceptions, int_return_yards, int_return_tds, num_fumbles_recovered, fumble_return_yards, num_tackles, num_forced_fumbles) FROM stdin;
\.


--
-- TOC entry 4070 (class 0 OID 16580)
-- Dependencies: 241
-- Data for Name: game_ol_stats; Type: TABLE DATA; Schema: public; Owner: postgres
--

COPY public.game_ol_stats (id, game_id, player_id, num_block_wins, num_block_losses, num_block_draws, pancake_blocks, sacks_allowed, fumble_recoveries) FROM stdin;
\.


--
-- TOC entry 4071 (class 0 OID 16583)
-- Dependencies: 242
-- Data for Name: game_p_stats; Type: TABLE DATA; Schema: public; Owner: postgres
--

COPY public.game_p_stats (id, game_id, player_id, num_punts, yards_per_punt, rushing_yards, rushing_attempts, rushing_tds, passing_yards, passing_attempts, passing_tds) FROM stdin;
\.


--
-- TOC entry 4072 (class 0 OID 16586)
-- Dependencies: 243
-- Data for Name: game_player_penalty; Type: TABLE DATA; Schema: public; Owner: postgres
--

COPY public.game_player_penalty (id, game_id, player_id, penalty_play_id) FROM stdin;
\.


--
-- TOC entry 4073 (class 0 OID 16589)
-- Dependencies: 244
-- Data for Name: game_plays; Type: TABLE DATA; Schema: public; Owner: postgres
--

COPY public.game_plays (id, game_id, play_type, play_yards, play_points, turnover_type, source_play_id) FROM stdin;
\.


--
-- TOC entry 4074 (class 0 OID 16592)
-- Dependencies: 245
-- Data for Name: game_qb_stats; Type: TABLE DATA; Schema: public; Owner: postgres
--

COPY public.game_qb_stats (id, game_id, player_id, passing_yards, rushing_yards, num_pass_completions, num_pass_attempts, num_interceptions, num_fumbles, passing_tds, rushing_tds, qbr, num_times_sacked, passing_2_point_conversions, rushing_2_point_conversions, receiving_yards, num_receptions, rush_attempts) FROM stdin;
\.


--
-- TOC entry 4075 (class 0 OID 16595)
-- Dependencies: 246
-- Data for Name: game_rb_stats; Type: TABLE DATA; Schema: public; Owner: postgres
--

COPY public.game_rb_stats (id, game_id, player_id, rushing_yards, rushing_attempts, receiving_yards, rushing_tds, receiving_tds, rushing_2_point_conversions, receiving_2_point_conversions, num_fumbles, num_block_wins, num_block_losses, num_block_draws, passing_yards, passing_tds, passing_attempts) FROM stdin;
\.


--
-- TOC entry 4076 (class 0 OID 16598)
-- Dependencies: 247
-- Data for Name: game_sf_stats; Type: TABLE DATA; Schema: public; Owner: postgres
--

COPY public.game_sf_stats (id, game_id, player_id, num_receptions_allowed, num_challenges, num_interceptions, int_return_yards, int_return_tds, num_fumbles_recovered, fumble_return_yards, num_tackles, num_forced_fumbles) FROM stdin;
\.


--
-- TOC entry 4077 (class 0 OID 16601)
-- Dependencies: 248
-- Data for Name: game_std_stats; Type: TABLE DATA; Schema: public; Owner: postgres
--

COPY public.game_std_stats (id, game_id, player_id, num_tackles, num_forced_fumbles, num_fumble_recoveries, fumble_recovery_yards, fumble_recovery_tds) FROM stdin;
\.


--
-- TOC entry 4078 (class 0 OID 16604)
-- Dependencies: 249
-- Data for Name: game_sto_stats; Type: TABLE DATA; Schema: public; Owner: postgres
--

COPY public.game_sto_stats (id, game_id, player_id, kickoff_return_yards, kickoff_return_attempts, kickoff_return_tds, punt_return_yards, punt_return_attempts, punt_return_tds, num_fumbles) FROM stdin;
\.


--
-- TOC entry 4079 (class 0 OID 16607)
-- Dependencies: 250
-- Data for Name: game_te_stats; Type: TABLE DATA; Schema: public; Owner: postgres
--

COPY public.game_te_stats (id, game_id, player_id, receiving_yards, num_receptions, num_receiving_tds, num_receiving_2_point_conversions, num_block_wins, num_block_losses, num_block_draws) FROM stdin;
\.


--
-- TOC entry 4080 (class 0 OID 16610)
-- Dependencies: 251
-- Data for Name: game_team_stats; Type: TABLE DATA; Schema: public; Owner: postgres
--

COPY public.game_team_stats (id, game_id, home_or_visitor, team_id, points, rushing_yards, passing_yards, num_penalties, penalty_yards, kickoff_return_yards, punt_return_yards, num_first_downs, num_touchdowns, num_fgs, num_safeties, num_sacks, num_interceptions, num_fumbles, num_blocked_punts, num_blocked_fgs, num_fg_attempts, num_punts, num_third_down_conversions, num_third_down_attempts, num_fourth_down_conversions, num_fourth_down_attempts, num_kickoff_return_tds, num_punt_return_tds, num_two_point_conversions, num_two_point_attempts, num_pass_completions, num_pass_attempts, num_rush_attempts, num_times_in_red_zone, num_tds_in_red_zone, num_xps, num_xp_attempts, num_blocked_xps, num_blocked_fg_tds, num_blocked_punt_tds, num_blocked_xp_scores, ol_team_block_wins, ol_team_block_losses, ol_team_block_draws, pancake_blocks, num_sacks_allowed, num_tackles, num_forced_fumbles, num_2_point_conversions, num_2_point_conversion_attempts, dl_team_block_wins, dl_team_block_losses, dl_team_block_draws) FROM stdin;
\.


--
-- TOC entry 4081 (class 0 OID 16613)
-- Dependencies: 252
-- Data for Name: game_type; Type: TABLE DATA; Schema: public; Owner: postgres
--

COPY public.game_type (id, type_id) FROM stdin;
\.


--
-- TOC entry 4082 (class 0 OID 16616)
-- Dependencies: 253
-- Data for Name: game_wr_stats; Type: TABLE DATA; Schema: public; Owner: postgres
--

COPY public.game_wr_stats (id, game_id, player_id, receiving_yards, num_receptions, rushing_yards, rushing_attempts, num_receiving_tds, num_receiving_2_point_conversions, num_rushing_tds, num_rushing_2_point_conversions) FROM stdin;
\.


--
-- TOC entry 4083 (class 0 OID 16619)
-- Dependencies: 254
-- Data for Name: league; Type: TABLE DATA; Schema: public; Owner: postgres
--

COPY public.league (id, name, abbreviation, weather_setting, injury_setting, female_setting, neutral_site_setting, num_playoff_teams_per_conference, num_weeks_regular_season, num_teams_per_conference, num_divisions_per_conference) FROM stdin;
\.


--
-- TOC entry 4084 (class 0 OID 16622)
-- Dependencies: 255
-- Data for Name: player; Type: TABLE DATA; Schema: public; Owner: postgres
--

COPY public.player (id, first_name, middle_initial, last_name, number, age, first_season_id, last_season_id, injury_status, alma_mater, primary_position, secondary_position, draft_position, salary, height, weight, league_id, playing_status, draft_value, draft_rank) FROM stdin;
\.


--
-- TOC entry 4085 (class 0 OID 16625)
-- Dependencies: 256
-- Data for Name: player_game_plays; Type: TABLE DATA; Schema: public; Owner: postgres
--

COPY public.player_game_plays (id, player_id, game_play_id) FROM stdin;
\.


--
-- TOC entry 4086 (class 0 OID 16628)
-- Dependencies: 257
-- Data for Name: player_pool; Type: TABLE DATA; Schema: public; Owner: postgres
--

COPY public.player_pool (id, player_id, status, league_id) FROM stdin;
\.


--
-- TOC entry 4087 (class 0 OID 16631)
-- Dependencies: 258
-- Data for Name: player_specs_cb; Type: TABLE DATA; Schema: public; Owner: postgres
--

COPY public.player_specs_cb (id, player_id, speed_rating, route_rating, pass_defense_rating, interception_rating, fumble_inducement_rating, tackle_rating, penalty_avoidance_rating, career_arc_dict) FROM stdin;
\.


--
-- TOC entry 4088 (class 0 OID 16636)
-- Dependencies: 259
-- Data for Name: player_specs_dl; Type: TABLE DATA; Schema: public; Owner: postgres
--

COPY public.player_specs_dl (id, player_id, block_power_rating, block_agility_rating, speed_rating, pass_knockdown_rating, penalty_avoidance_rating, tackle_rating, fumble_inducement_rating, fumble_recovery_rating, career_arc_dict) FROM stdin;
\.


--
-- TOC entry 4089 (class 0 OID 16641)
-- Dependencies: 260
-- Data for Name: player_specs_fb; Type: TABLE DATA; Schema: public; Owner: postgres
--

COPY public.player_specs_fb (id, player_id, speed_rating, elusiveness_rating, strength_rating, ball_protection_rating, catching_rating, stamina_rating, career_arc_dict) FROM stdin;
\.


--
-- TOC entry 4090 (class 0 OID 16646)
-- Dependencies: 261
-- Data for Name: player_specs_k; Type: TABLE DATA; Schema: public; Owner: postgres
--

COPY public.player_specs_k (id, player_id, leg_rating, accuracy_rating, adjustment_rating, onside_kick_rating, directionality_rating, career_arc_dict) FROM stdin;
\.


--
-- TOC entry 4091 (class 0 OID 16651)
-- Dependencies: 262
-- Data for Name: player_specs_lb; Type: TABLE DATA; Schema: public; Owner: postgres
--

COPY public.player_specs_lb (id, player_id, speed_rating, route_rating, pass_defense_rating, interception_rating, fumble_inducement_rating, tackle_rating, penalty_avoidance_rating, career_arc_dict) FROM stdin;
\.


--
-- TOC entry 4092 (class 0 OID 16656)
-- Dependencies: 263
-- Data for Name: player_specs_ol; Type: TABLE DATA; Schema: public; Owner: postgres
--

COPY public.player_specs_ol (id, player_id, block_power_rating, block_agility_rating, penalty_avoidance_rating, fumble_recovery_rating, career_arc_dict) FROM stdin;
\.


--
-- TOC entry 4093 (class 0 OID 16661)
-- Dependencies: 264
-- Data for Name: player_specs_p; Type: TABLE DATA; Schema: public; Owner: postgres
--

COPY public.player_specs_p (id, player_id, leg_rating, directionality_rating, hangtime_rating, precision_rating, consistency_rating, surehands_rating, career_arc_dict) FROM stdin;
\.


--
-- TOC entry 4094 (class 0 OID 16666)
-- Dependencies: 265
-- Data for Name: player_specs_qb; Type: TABLE DATA; Schema: public; Owner: postgres
--

COPY public.player_specs_qb (id, player_id, arm_strength_rating, arm_accuracy_rating, intelligence_rating, speed_rating, elusiveness_rating, stamina_rating, career_arc_dict) FROM stdin;
\.


--
-- TOC entry 4095 (class 0 OID 16671)
-- Dependencies: 266
-- Data for Name: player_specs_rb; Type: TABLE DATA; Schema: public; Owner: postgres
--

COPY public.player_specs_rb (id, player_id, speed_rating, elusiveness_rating, strength_rating, ball_protection_rating, catching_rating, stamina_rating, career_arc_dict) FROM stdin;
\.


--
-- TOC entry 4096 (class 0 OID 16676)
-- Dependencies: 267
-- Data for Name: player_specs_sf; Type: TABLE DATA; Schema: public; Owner: postgres
--

COPY public.player_specs_sf (id, player_id, speed_rating, route_rating, pass_defense_rating, interception_rating, fumble_inducement_rating, tackle_rating, penalty_avoidance_rating, career_arc_dict) FROM stdin;
\.


--
-- TOC entry 4097 (class 0 OID 16681)
-- Dependencies: 268
-- Data for Name: player_specs_std; Type: TABLE DATA; Schema: public; Owner: postgres
--

COPY public.player_specs_std (id, player_id, speed_rating, agility_rating, tackle_rating, fumble_inducement_rating, career_arc_dict) FROM stdin;
\.


--
-- TOC entry 4098 (class 0 OID 16686)
-- Dependencies: 269
-- Data for Name: player_specs_sto; Type: TABLE DATA; Schema: public; Owner: postgres
--

COPY public.player_specs_sto (id, player_id, speed_rating, elusiveness_rating, strength_rating, ball_protection_rating, career_arc_dict) FROM stdin;
\.


--
-- TOC entry 4099 (class 0 OID 16691)
-- Dependencies: 270
-- Data for Name: player_specs_te; Type: TABLE DATA; Schema: public; Owner: postgres
--

COPY public.player_specs_te (id, player_id, catching_rating, route_rating, speed_rating, ball_protection_rating, strength_rating, stamina_rating, block_power_rating, block_agility_rating, career_arc_dict) FROM stdin;
\.


--
-- TOC entry 4100 (class 0 OID 16696)
-- Dependencies: 271
-- Data for Name: player_specs_wr; Type: TABLE DATA; Schema: public; Owner: postgres
--

COPY public.player_specs_wr (id, player_id, catching_rating, route_rating, jumping_rating, speed_rating, ball_protection_rating, stamina_rating, penalty_avoidance_rating, career_arc_dict) FROM stdin;
\.


--
-- TOC entry 4101 (class 0 OID 16701)
-- Dependencies: 272
-- Data for Name: player_team; Type: TABLE DATA; Schema: public; Owner: postgres
--

COPY public.player_team (player_team_id, player_id, team_id, season_id, league_id) FROM stdin;
\.


--
-- TOC entry 4102 (class 0 OID 16704)
-- Dependencies: 273
-- Data for Name: season; Type: TABLE DATA; Schema: public; Owner: postgres
--

COPY public.season (id, start_time, end_time, season_year, league_id, created_draft_list) FROM stdin;
\.


--
-- TOC entry 4103 (class 0 OID 16707)
-- Dependencies: 274
-- Data for Name: stadium; Type: TABLE DATA; Schema: public; Owner: postgres
--

COPY public.stadium (stadium_id, stadium_name, stadium_capacity, city_id, is_dome) FROM stdin;
1	Titans Stadium	75000	1	f
2	South Beach Field	71500	2	f
3	The Peach Dome	82000	3	t
4	Bison Park	80000	4	f
5	Corruption Field	78500	5	f
6	The Sewers	74750	6	f
7	Soldier Stadium	88700	7	f
8	Soul Stadium	81300	8	t
9	The Foundry	82450	9	f
10	The Ice Bowl	94500	10	f
11	The Bourbon Dome	76500	11	t
12	Nasty Natti Stadium	73700	12	f
13	Lone Star Stadium	86000	13	f
14	The Berserker Dome	80500	14	t
15	Tomahawk Stadium	88300	15	f
16	Elway Stadium	83900	16	f
17	The Gateway Dome	79200	17	t
18	Oiler Stadium	85600	18	f
19	The Tsunami Dome	91030	19	t
20	Golden Gate Field	79830	20	f
21	Thunderdome	84675	21	f
22	Ocean Beach Field	81290	22	f
23	Grand Canyon Field	86250	23	f
24	Caesars Castle	84350	24	f
26	Queen Elizabeth Stadium	102000	33	f
27	Chennai Stadium	115000	34	f
25	Aurora Borealis Field	69800	35	f
28	Rumble in the Jungle Field	80000	36	f
29	Hidden Microphone Field	70000	25	f
30	Peyton Park	80000	26	t
31	The Tornado Shelter	72500	27	t
32	The Hollywood Bowl	80000	28	f
33	Blue Ridge Stadium	69800	29	f
34	The Dog Bowl	81000	30	f
35	The Corn Fields	83600	31	f
36	The Old Warehouse	70000	32	f
\.


--
-- TOC entry 4104 (class 0 OID 16710)
-- Dependencies: 275
-- Data for Name: team; Type: TABLE DATA; Schema: public; Owner: postgres
--

COPY public.team (id, nickname, first_season_id, current_season_wins, current_season_losses, stadium_id, conference_id, division_id, league_id, logo_file_path) FROM stdin;
\.


--
-- TOC entry 4105 (class 0 OID 16713)
-- Dependencies: 276
-- Data for Name: team_city; Type: TABLE DATA; Schema: public; Owner: postgres
--

COPY public.team_city (team_city_id, team_id, city_id, first_season_id, stadium_id, league_id) FROM stdin;
\.


--
-- TOC entry 4106 (class 0 OID 16716)
-- Dependencies: 277
-- Data for Name: team_season; Type: TABLE DATA; Schema: public; Owner: postgres
--

COPY public.team_season (id, team_id, season_id, league_id, preseason_power_ranking) FROM stdin;
1	1	1	1	131.08
2	2	1	1	131.69
3	3	1	1	130.89
4	4	1	1	131.64
5	5	1	1	131.79
6	6	1	1	130.97
7	7	1	1	131.52
8	8	1	1	131.6
9	9	1	1	131.81
10	10	1	1	131.45
11	11	1	1	131.24
12	12	1	1	131.19
13	13	1	1	131.29
14	14	1	1	130.67
15	15	1	1	131.67
16	16	1	1	132.17
17	17	1	1	131.58
18	18	1	1	131.14
19	19	1	1	130.96
20	20	1	1	131.5
21	21	1	1	131
22	22	1	1	132.35
23	23	1	1	131.94
24	24	1	1	131.11
\.


--
-- TOC entry 4113 (class 0 OID 0)
-- Dependencies: 215
-- Name: auth_group_id_seq; Type: SEQUENCE SET; Schema: public; Owner: django
--

SELECT pg_catalog.setval('public.auth_group_id_seq', 1, false);


--
-- TOC entry 4114 (class 0 OID 0)
-- Dependencies: 217
-- Name: auth_group_permissions_id_seq; Type: SEQUENCE SET; Schema: public; Owner: django
--

SELECT pg_catalog.setval('public.auth_group_permissions_id_seq', 1, false);


--
-- TOC entry 4115 (class 0 OID 0)
-- Dependencies: 213
-- Name: auth_permission_id_seq; Type: SEQUENCE SET; Schema: public; Owner: django
--

SELECT pg_catalog.setval('public.auth_permission_id_seq', 28, true);


--
-- TOC entry 4116 (class 0 OID 0)
-- Dependencies: 221
-- Name: auth_user_groups_id_seq; Type: SEQUENCE SET; Schema: public; Owner: django
--

SELECT pg_catalog.setval('public.auth_user_groups_id_seq', 1, false);


--
-- TOC entry 4117 (class 0 OID 0)
-- Dependencies: 219
-- Name: auth_user_id_seq; Type: SEQUENCE SET; Schema: public; Owner: django
--

SELECT pg_catalog.setval('public.auth_user_id_seq', 3, true);


--
-- TOC entry 4118 (class 0 OID 0)
-- Dependencies: 223
-- Name: auth_user_user_permissions_id_seq; Type: SEQUENCE SET; Schema: public; Owner: django
--

SELECT pg_catalog.setval('public.auth_user_user_permissions_id_seq', 1, false);


--
-- TOC entry 4119 (class 0 OID 0)
-- Dependencies: 225
-- Name: django_admin_log_id_seq; Type: SEQUENCE SET; Schema: public; Owner: django
--

SELECT pg_catalog.setval('public.django_admin_log_id_seq', 7, true);


--
-- TOC entry 4120 (class 0 OID 0)
-- Dependencies: 211
-- Name: django_content_type_id_seq; Type: SEQUENCE SET; Schema: public; Owner: django
--

SELECT pg_catalog.setval('public.django_content_type_id_seq', 7, true);


--
-- TOC entry 4121 (class 0 OID 0)
-- Dependencies: 209
-- Name: django_migrations_id_seq; Type: SEQUENCE SET; Schema: public; Owner: django
--

SELECT pg_catalog.setval('public.django_migrations_id_seq', 1, false);


--
-- TOC entry 3756 (class 2606 OID 16522)
-- Name: auth_group auth_group_name_key; Type: CONSTRAINT; Schema: public; Owner: django
--

ALTER TABLE ONLY public.auth_group
    ADD CONSTRAINT auth_group_name_key UNIQUE (name);


--
-- TOC entry 3761 (class 2606 OID 16453)
-- Name: auth_group_permissions auth_group_permissions_group_id_permission_id_0cd325b0_uniq; Type: CONSTRAINT; Schema: public; Owner: django
--

ALTER TABLE ONLY public.auth_group_permissions
    ADD CONSTRAINT auth_group_permissions_group_id_permission_id_0cd325b0_uniq UNIQUE (group_id, permission_id);


--
-- TOC entry 3764 (class 2606 OID 16422)
-- Name: auth_group_permissions auth_group_permissions_pkey; Type: CONSTRAINT; Schema: public; Owner: django
--

ALTER TABLE ONLY public.auth_group_permissions
    ADD CONSTRAINT auth_group_permissions_pkey PRIMARY KEY (id);


--
-- TOC entry 3758 (class 2606 OID 16414)
-- Name: auth_group auth_group_pkey; Type: CONSTRAINT; Schema: public; Owner: django
--

ALTER TABLE ONLY public.auth_group
    ADD CONSTRAINT auth_group_pkey PRIMARY KEY (id);


--
-- TOC entry 3751 (class 2606 OID 16444)
-- Name: auth_permission auth_permission_content_type_id_codename_01ab375a_uniq; Type: CONSTRAINT; Schema: public; Owner: django
--

ALTER TABLE ONLY public.auth_permission
    ADD CONSTRAINT auth_permission_content_type_id_codename_01ab375a_uniq UNIQUE (content_type_id, codename);


--
-- TOC entry 3753 (class 2606 OID 16408)
-- Name: auth_permission auth_permission_pkey; Type: CONSTRAINT; Schema: public; Owner: django
--

ALTER TABLE ONLY public.auth_permission
    ADD CONSTRAINT auth_permission_pkey PRIMARY KEY (id);


--
-- TOC entry 3772 (class 2606 OID 16436)
-- Name: auth_user_groups auth_user_groups_pkey; Type: CONSTRAINT; Schema: public; Owner: django
--

ALTER TABLE ONLY public.auth_user_groups
    ADD CONSTRAINT auth_user_groups_pkey PRIMARY KEY (id);


--
-- TOC entry 3775 (class 2606 OID 16468)
-- Name: auth_user_groups auth_user_groups_user_id_group_id_94350c0c_uniq; Type: CONSTRAINT; Schema: public; Owner: django
--

ALTER TABLE ONLY public.auth_user_groups
    ADD CONSTRAINT auth_user_groups_user_id_group_id_94350c0c_uniq UNIQUE (user_id, group_id);


--
-- TOC entry 3766 (class 2606 OID 16428)
-- Name: auth_user auth_user_pkey; Type: CONSTRAINT; Schema: public; Owner: django
--

ALTER TABLE ONLY public.auth_user
    ADD CONSTRAINT auth_user_pkey PRIMARY KEY (id);


--
-- TOC entry 3778 (class 2606 OID 16442)
-- Name: auth_user_user_permissions auth_user_user_permissions_pkey; Type: CONSTRAINT; Schema: public; Owner: django
--

ALTER TABLE ONLY public.auth_user_user_permissions
    ADD CONSTRAINT auth_user_user_permissions_pkey PRIMARY KEY (id);


--
-- TOC entry 3781 (class 2606 OID 16482)
-- Name: auth_user_user_permissions auth_user_user_permissions_user_id_permission_id_14a6b632_uniq; Type: CONSTRAINT; Schema: public; Owner: django
--

ALTER TABLE ONLY public.auth_user_user_permissions
    ADD CONSTRAINT auth_user_user_permissions_user_id_permission_id_14a6b632_uniq UNIQUE (user_id, permission_id);


--
-- TOC entry 3769 (class 2606 OID 16517)
-- Name: auth_user auth_user_username_key; Type: CONSTRAINT; Schema: public; Owner: django
--

ALTER TABLE ONLY public.auth_user
    ADD CONSTRAINT auth_user_username_key UNIQUE (username);


--
-- TOC entry 3791 (class 2606 OID 16720)
-- Name: city city_pkey; Type: CONSTRAINT; Schema: public; Owner: postgres
--

ALTER TABLE ONLY public.city
    ADD CONSTRAINT city_pkey PRIMARY KEY (city_id);


--
-- TOC entry 3793 (class 2606 OID 16722)
-- Name: coach coach_pkey; Type: CONSTRAINT; Schema: public; Owner: postgres
--

ALTER TABLE ONLY public.coach
    ADD CONSTRAINT coach_pkey PRIMARY KEY (id);


--
-- TOC entry 3795 (class 2606 OID 16724)
-- Name: conference conference_pkey; Type: CONSTRAINT; Schema: public; Owner: postgres
--

ALTER TABLE ONLY public.conference
    ADD CONSTRAINT conference_pkey PRIMARY KEY (id);


--
-- TOC entry 3797 (class 2606 OID 16726)
-- Name: default_teams default_teams_pkey; Type: CONSTRAINT; Schema: public; Owner: postgres
--

ALTER TABLE ONLY public.default_teams
    ADD CONSTRAINT default_teams_pkey PRIMARY KEY (id);


--
-- TOC entry 3799 (class 2606 OID 16728)
-- Name: division division_pkey; Type: CONSTRAINT; Schema: public; Owner: postgres
--

ALTER TABLE ONLY public.division
    ADD CONSTRAINT division_pkey PRIMARY KEY (id);


--
-- TOC entry 3784 (class 2606 OID 16503)
-- Name: django_admin_log django_admin_log_pkey; Type: CONSTRAINT; Schema: public; Owner: django
--

ALTER TABLE ONLY public.django_admin_log
    ADD CONSTRAINT django_admin_log_pkey PRIMARY KEY (id);


--
-- TOC entry 3746 (class 2606 OID 16402)
-- Name: django_content_type django_content_type_app_label_model_76bd3d3b_uniq; Type: CONSTRAINT; Schema: public; Owner: django
--

ALTER TABLE ONLY public.django_content_type
    ADD CONSTRAINT django_content_type_app_label_model_76bd3d3b_uniq UNIQUE (app_label, model);


--
-- TOC entry 3748 (class 2606 OID 16400)
-- Name: django_content_type django_content_type_pkey; Type: CONSTRAINT; Schema: public; Owner: django
--

ALTER TABLE ONLY public.django_content_type
    ADD CONSTRAINT django_content_type_pkey PRIMARY KEY (id);


--
-- TOC entry 3744 (class 2606 OID 16394)
-- Name: django_migrations django_migrations_pkey; Type: CONSTRAINT; Schema: public; Owner: django
--

ALTER TABLE ONLY public.django_migrations
    ADD CONSTRAINT django_migrations_pkey PRIMARY KEY (id);


--
-- TOC entry 3788 (class 2606 OID 16530)
-- Name: django_session django_session_pkey; Type: CONSTRAINT; Schema: public; Owner: django
--

ALTER TABLE ONLY public.django_session
    ADD CONSTRAINT django_session_pkey PRIMARY KEY (session_key);


--
-- TOC entry 3803 (class 2606 OID 16730)
-- Name: draft_pick draft_pick_pkey; Type: CONSTRAINT; Schema: public; Owner: postgres
--

ALTER TABLE ONLY public.draft_pick
    ADD CONSTRAINT draft_pick_pkey PRIMARY KEY (id);


--
-- TOC entry 3801 (class 2606 OID 16732)
-- Name: draft draft_pkey; Type: CONSTRAINT; Schema: public; Owner: postgres
--

ALTER TABLE ONLY public.draft
    ADD CONSTRAINT draft_pkey PRIMARY KEY (id);


--
-- TOC entry 3807 (class 2606 OID 16734)
-- Name: game_cb_stats game_cb_stats_pkey; Type: CONSTRAINT; Schema: public; Owner: postgres
--

ALTER TABLE ONLY public.game_cb_stats
    ADD CONSTRAINT game_cb_stats_pkey PRIMARY KEY (id);


--
-- TOC entry 3809 (class 2606 OID 16736)
-- Name: game_dl_stats game_dl_stats_pkey; Type: CONSTRAINT; Schema: public; Owner: postgres
--

ALTER TABLE ONLY public.game_dl_stats
    ADD CONSTRAINT game_dl_stats_pkey PRIMARY KEY (id);


--
-- TOC entry 3811 (class 2606 OID 16738)
-- Name: game_fb_stats game_fb_stats_pkey; Type: CONSTRAINT; Schema: public; Owner: postgres
--

ALTER TABLE ONLY public.game_fb_stats
    ADD CONSTRAINT game_fb_stats_pkey PRIMARY KEY (id);


--
-- TOC entry 3813 (class 2606 OID 16740)
-- Name: game_k_stats game_k_stats_pkey; Type: CONSTRAINT; Schema: public; Owner: postgres
--

ALTER TABLE ONLY public.game_k_stats
    ADD CONSTRAINT game_k_stats_pkey PRIMARY KEY (id);


--
-- TOC entry 3815 (class 2606 OID 16742)
-- Name: game_lb_stats game_lb_stats_pkey; Type: CONSTRAINT; Schema: public; Owner: postgres
--

ALTER TABLE ONLY public.game_lb_stats
    ADD CONSTRAINT game_lb_stats_pkey PRIMARY KEY (id);


--
-- TOC entry 3817 (class 2606 OID 16744)
-- Name: game_ol_stats game_ol_stats_pkey; Type: CONSTRAINT; Schema: public; Owner: postgres
--

ALTER TABLE ONLY public.game_ol_stats
    ADD CONSTRAINT game_ol_stats_pkey PRIMARY KEY (id);


--
-- TOC entry 3819 (class 2606 OID 16746)
-- Name: game_p_stats game_p_stats_pkey; Type: CONSTRAINT; Schema: public; Owner: postgres
--

ALTER TABLE ONLY public.game_p_stats
    ADD CONSTRAINT game_p_stats_pkey PRIMARY KEY (id);


--
-- TOC entry 3805 (class 2606 OID 16748)
-- Name: game game_pkey; Type: CONSTRAINT; Schema: public; Owner: postgres
--

ALTER TABLE ONLY public.game
    ADD CONSTRAINT game_pkey PRIMARY KEY (id);


--
-- TOC entry 3821 (class 2606 OID 16750)
-- Name: game_player_penalty game_player_penalty_pkey; Type: CONSTRAINT; Schema: public; Owner: postgres
--

ALTER TABLE ONLY public.game_player_penalty
    ADD CONSTRAINT game_player_penalty_pkey PRIMARY KEY (id);


--
-- TOC entry 3823 (class 2606 OID 16752)
-- Name: game_plays game_plays_pkey; Type: CONSTRAINT; Schema: public; Owner: postgres
--

ALTER TABLE ONLY public.game_plays
    ADD CONSTRAINT game_plays_pkey PRIMARY KEY (id);


--
-- TOC entry 3825 (class 2606 OID 16754)
-- Name: game_qb_stats game_qb_stats_pkey; Type: CONSTRAINT; Schema: public; Owner: postgres
--

ALTER TABLE ONLY public.game_qb_stats
    ADD CONSTRAINT game_qb_stats_pkey PRIMARY KEY (id);


--
-- TOC entry 3827 (class 2606 OID 16756)
-- Name: game_rb_stats game_rb_stats_pkey; Type: CONSTRAINT; Schema: public; Owner: postgres
--

ALTER TABLE ONLY public.game_rb_stats
    ADD CONSTRAINT game_rb_stats_pkey PRIMARY KEY (id);


--
-- TOC entry 3829 (class 2606 OID 16758)
-- Name: game_sf_stats game_sf_stats_pkey; Type: CONSTRAINT; Schema: public; Owner: postgres
--

ALTER TABLE ONLY public.game_sf_stats
    ADD CONSTRAINT game_sf_stats_pkey PRIMARY KEY (id);


--
-- TOC entry 3831 (class 2606 OID 16760)
-- Name: game_std_stats game_std_stats_pkey; Type: CONSTRAINT; Schema: public; Owner: postgres
--

ALTER TABLE ONLY public.game_std_stats
    ADD CONSTRAINT game_std_stats_pkey PRIMARY KEY (id);


--
-- TOC entry 3833 (class 2606 OID 16762)
-- Name: game_sto_stats game_sto_stats_pkey; Type: CONSTRAINT; Schema: public; Owner: postgres
--

ALTER TABLE ONLY public.game_sto_stats
    ADD CONSTRAINT game_sto_stats_pkey PRIMARY KEY (id);


--
-- TOC entry 3835 (class 2606 OID 16764)
-- Name: game_te_stats game_te_stats_pkey; Type: CONSTRAINT; Schema: public; Owner: postgres
--

ALTER TABLE ONLY public.game_te_stats
    ADD CONSTRAINT game_te_stats_pkey PRIMARY KEY (id);


--
-- TOC entry 3837 (class 2606 OID 16766)
-- Name: game_team_stats game_team_stats_pkey; Type: CONSTRAINT; Schema: public; Owner: postgres
--

ALTER TABLE ONLY public.game_team_stats
    ADD CONSTRAINT game_team_stats_pkey PRIMARY KEY (id);


--
-- TOC entry 3839 (class 2606 OID 16768)
-- Name: game_type game_type_pkey; Type: CONSTRAINT; Schema: public; Owner: postgres
--

ALTER TABLE ONLY public.game_type
    ADD CONSTRAINT game_type_pkey PRIMARY KEY (id);


--
-- TOC entry 3841 (class 2606 OID 16770)
-- Name: game_wr_stats game_wr_stats_pkey; Type: CONSTRAINT; Schema: public; Owner: postgres
--

ALTER TABLE ONLY public.game_wr_stats
    ADD CONSTRAINT game_wr_stats_pkey PRIMARY KEY (id);


--
-- TOC entry 3843 (class 2606 OID 16772)
-- Name: league league_pkey; Type: CONSTRAINT; Schema: public; Owner: postgres
--

ALTER TABLE ONLY public.league
    ADD CONSTRAINT league_pkey PRIMARY KEY (id);


--
-- TOC entry 3847 (class 2606 OID 16774)
-- Name: player_game_plays player_game_plays_pkey; Type: CONSTRAINT; Schema: public; Owner: postgres
--

ALTER TABLE ONLY public.player_game_plays
    ADD CONSTRAINT player_game_plays_pkey PRIMARY KEY (id);


--
-- TOC entry 3861 (class 2606 OID 16776)
-- Name: player_specs_ol player_ol_stats_pkey; Type: CONSTRAINT; Schema: public; Owner: postgres
--

ALTER TABLE ONLY public.player_specs_ol
    ADD CONSTRAINT player_ol_stats_pkey PRIMARY KEY (id);


--
-- TOC entry 3845 (class 2606 OID 16778)
-- Name: player player_pkey; Type: CONSTRAINT; Schema: public; Owner: postgres
--

ALTER TABLE ONLY public.player
    ADD CONSTRAINT player_pkey PRIMARY KEY (id);


--
-- TOC entry 3849 (class 2606 OID 16780)
-- Name: player_pool player_pool_pkey; Type: CONSTRAINT; Schema: public; Owner: postgres
--

ALTER TABLE ONLY public.player_pool
    ADD CONSTRAINT player_pool_pkey PRIMARY KEY (id);


--
-- TOC entry 3851 (class 2606 OID 16782)
-- Name: player_specs_cb player_specs_cb_pkey; Type: CONSTRAINT; Schema: public; Owner: postgres
--

ALTER TABLE ONLY public.player_specs_cb
    ADD CONSTRAINT player_specs_cb_pkey PRIMARY KEY (id);


--
-- TOC entry 3853 (class 2606 OID 16784)
-- Name: player_specs_dl player_specs_dl_pkey; Type: CONSTRAINT; Schema: public; Owner: postgres
--

ALTER TABLE ONLY public.player_specs_dl
    ADD CONSTRAINT player_specs_dl_pkey PRIMARY KEY (id);


--
-- TOC entry 3855 (class 2606 OID 16786)
-- Name: player_specs_fb player_specs_fb_pkey; Type: CONSTRAINT; Schema: public; Owner: postgres
--

ALTER TABLE ONLY public.player_specs_fb
    ADD CONSTRAINT player_specs_fb_pkey PRIMARY KEY (id);


--
-- TOC entry 3857 (class 2606 OID 16788)
-- Name: player_specs_k player_specs_k_pkey; Type: CONSTRAINT; Schema: public; Owner: postgres
--

ALTER TABLE ONLY public.player_specs_k
    ADD CONSTRAINT player_specs_k_pkey PRIMARY KEY (id);


--
-- TOC entry 3859 (class 2606 OID 16790)
-- Name: player_specs_lb player_specs_lb_pkey; Type: CONSTRAINT; Schema: public; Owner: postgres
--

ALTER TABLE ONLY public.player_specs_lb
    ADD CONSTRAINT player_specs_lb_pkey PRIMARY KEY (id);


--
-- TOC entry 3863 (class 2606 OID 16792)
-- Name: player_specs_p player_specs_p_pkey; Type: CONSTRAINT; Schema: public; Owner: postgres
--

ALTER TABLE ONLY public.player_specs_p
    ADD CONSTRAINT player_specs_p_pkey PRIMARY KEY (id);


--
-- TOC entry 3865 (class 2606 OID 16794)
-- Name: player_specs_qb player_specs_qb_pkey; Type: CONSTRAINT; Schema: public; Owner: postgres
--

ALTER TABLE ONLY public.player_specs_qb
    ADD CONSTRAINT player_specs_qb_pkey PRIMARY KEY (id);


--
-- TOC entry 3867 (class 2606 OID 16796)
-- Name: player_specs_rb player_specs_rb_pkey; Type: CONSTRAINT; Schema: public; Owner: postgres
--

ALTER TABLE ONLY public.player_specs_rb
    ADD CONSTRAINT player_specs_rb_pkey PRIMARY KEY (id);


--
-- TOC entry 3869 (class 2606 OID 16798)
-- Name: player_specs_sf player_specs_sf_pkey; Type: CONSTRAINT; Schema: public; Owner: postgres
--

ALTER TABLE ONLY public.player_specs_sf
    ADD CONSTRAINT player_specs_sf_pkey PRIMARY KEY (id);


--
-- TOC entry 3871 (class 2606 OID 16800)
-- Name: player_specs_std player_specs_std_pkey; Type: CONSTRAINT; Schema: public; Owner: postgres
--

ALTER TABLE ONLY public.player_specs_std
    ADD CONSTRAINT player_specs_std_pkey PRIMARY KEY (id);


--
-- TOC entry 3873 (class 2606 OID 16802)
-- Name: player_specs_sto player_specs_sto_pkey; Type: CONSTRAINT; Schema: public; Owner: postgres
--

ALTER TABLE ONLY public.player_specs_sto
    ADD CONSTRAINT player_specs_sto_pkey PRIMARY KEY (id);


--
-- TOC entry 3875 (class 2606 OID 16804)
-- Name: player_specs_te player_specs_te_pkey; Type: CONSTRAINT; Schema: public; Owner: postgres
--

ALTER TABLE ONLY public.player_specs_te
    ADD CONSTRAINT player_specs_te_pkey PRIMARY KEY (id);


--
-- TOC entry 3877 (class 2606 OID 16806)
-- Name: player_specs_wr player_specs_wr_pkey; Type: CONSTRAINT; Schema: public; Owner: postgres
--

ALTER TABLE ONLY public.player_specs_wr
    ADD CONSTRAINT player_specs_wr_pkey PRIMARY KEY (id);


--
-- TOC entry 3879 (class 2606 OID 16808)
-- Name: player_team player_team_pkey; Type: CONSTRAINT; Schema: public; Owner: postgres
--

ALTER TABLE ONLY public.player_team
    ADD CONSTRAINT player_team_pkey PRIMARY KEY (player_team_id);


--
-- TOC entry 3881 (class 2606 OID 16810)
-- Name: season season_pkey; Type: CONSTRAINT; Schema: public; Owner: postgres
--

ALTER TABLE ONLY public.season
    ADD CONSTRAINT season_pkey PRIMARY KEY (id);


--
-- TOC entry 3883 (class 2606 OID 16812)
-- Name: stadium stadium_pkey; Type: CONSTRAINT; Schema: public; Owner: postgres
--

ALTER TABLE ONLY public.stadium
    ADD CONSTRAINT stadium_pkey PRIMARY KEY (stadium_id);


--
-- TOC entry 3887 (class 2606 OID 16814)
-- Name: team_city team_city_pkey; Type: CONSTRAINT; Schema: public; Owner: postgres
--

ALTER TABLE ONLY public.team_city
    ADD CONSTRAINT team_city_pkey PRIMARY KEY (team_city_id);


--
-- TOC entry 3885 (class 2606 OID 16816)
-- Name: team team_pkey; Type: CONSTRAINT; Schema: public; Owner: postgres
--

ALTER TABLE ONLY public.team
    ADD CONSTRAINT team_pkey PRIMARY KEY (id);


--
-- TOC entry 3889 (class 2606 OID 16818)
-- Name: team_season team_season_pkey; Type: CONSTRAINT; Schema: public; Owner: postgres
--

ALTER TABLE ONLY public.team_season
    ADD CONSTRAINT team_season_pkey PRIMARY KEY (id);


--
-- TOC entry 3754 (class 1259 OID 16523)
-- Name: auth_group_name_a6ea08ec_like; Type: INDEX; Schema: public; Owner: django
--

CREATE INDEX auth_group_name_a6ea08ec_like ON public.auth_group USING btree (name varchar_pattern_ops);


--
-- TOC entry 3759 (class 1259 OID 16464)
-- Name: auth_group_permissions_group_id_b120cbf9; Type: INDEX; Schema: public; Owner: django
--

CREATE INDEX auth_group_permissions_group_id_b120cbf9 ON public.auth_group_permissions USING btree (group_id);


--
-- TOC entry 3762 (class 1259 OID 16465)
-- Name: auth_group_permissions_permission_id_84c5c92e; Type: INDEX; Schema: public; Owner: django
--

CREATE INDEX auth_group_permissions_permission_id_84c5c92e ON public.auth_group_permissions USING btree (permission_id);


--
-- TOC entry 3749 (class 1259 OID 16450)
-- Name: auth_permission_content_type_id_2f476e4b; Type: INDEX; Schema: public; Owner: django
--

CREATE INDEX auth_permission_content_type_id_2f476e4b ON public.auth_permission USING btree (content_type_id);


--
-- TOC entry 3770 (class 1259 OID 16480)
-- Name: auth_user_groups_group_id_97559544; Type: INDEX; Schema: public; Owner: django
--

CREATE INDEX auth_user_groups_group_id_97559544 ON public.auth_user_groups USING btree (group_id);


--
-- TOC entry 3773 (class 1259 OID 16479)
-- Name: auth_user_groups_user_id_6a12ed8b; Type: INDEX; Schema: public; Owner: django
--

CREATE INDEX auth_user_groups_user_id_6a12ed8b ON public.auth_user_groups USING btree (user_id);


--
-- TOC entry 3776 (class 1259 OID 16494)
-- Name: auth_user_user_permissions_permission_id_1fbb5f2c; Type: INDEX; Schema: public; Owner: django
--

CREATE INDEX auth_user_user_permissions_permission_id_1fbb5f2c ON public.auth_user_user_permissions USING btree (permission_id);


--
-- TOC entry 3779 (class 1259 OID 16493)
-- Name: auth_user_user_permissions_user_id_a95ead1b; Type: INDEX; Schema: public; Owner: django
--

CREATE INDEX auth_user_user_permissions_user_id_a95ead1b ON public.auth_user_user_permissions USING btree (user_id);


--
-- TOC entry 3767 (class 1259 OID 16518)
-- Name: auth_user_username_6821ab7c_like; Type: INDEX; Schema: public; Owner: django
--

CREATE INDEX auth_user_username_6821ab7c_like ON public.auth_user USING btree (username varchar_pattern_ops);


--
-- TOC entry 3782 (class 1259 OID 16514)
-- Name: django_admin_log_content_type_id_c4bce8eb; Type: INDEX; Schema: public; Owner: django
--

CREATE INDEX django_admin_log_content_type_id_c4bce8eb ON public.django_admin_log USING btree (content_type_id);


--
-- TOC entry 3785 (class 1259 OID 16515)
-- Name: django_admin_log_user_id_c564eba6; Type: INDEX; Schema: public; Owner: django
--

CREATE INDEX django_admin_log_user_id_c564eba6 ON public.django_admin_log USING btree (user_id);


--
-- TOC entry 3786 (class 1259 OID 16532)
-- Name: django_session_expire_date_a5c62663; Type: INDEX; Schema: public; Owner: django
--

CREATE INDEX django_session_expire_date_a5c62663 ON public.django_session USING btree (expire_date);


--
-- TOC entry 3789 (class 1259 OID 16531)
-- Name: django_session_session_key_c0390e0f_like; Type: INDEX; Schema: public; Owner: django
--

CREATE INDEX django_session_session_key_c0390e0f_like ON public.django_session USING btree (session_key varchar_pattern_ops);


--
-- TOC entry 3891 (class 2606 OID 16459)
-- Name: auth_group_permissions auth_group_permissio_permission_id_84c5c92e_fk_auth_perm; Type: FK CONSTRAINT; Schema: public; Owner: django
--

ALTER TABLE ONLY public.auth_group_permissions
    ADD CONSTRAINT auth_group_permissio_permission_id_84c5c92e_fk_auth_perm FOREIGN KEY (permission_id) REFERENCES public.auth_permission(id) DEFERRABLE INITIALLY DEFERRED;


--
-- TOC entry 3892 (class 2606 OID 16454)
-- Name: auth_group_permissions auth_group_permissions_group_id_b120cbf9_fk_auth_group_id; Type: FK CONSTRAINT; Schema: public; Owner: django
--

ALTER TABLE ONLY public.auth_group_permissions
    ADD CONSTRAINT auth_group_permissions_group_id_b120cbf9_fk_auth_group_id FOREIGN KEY (group_id) REFERENCES public.auth_group(id) DEFERRABLE INITIALLY DEFERRED;


--
-- TOC entry 3890 (class 2606 OID 16445)
-- Name: auth_permission auth_permission_content_type_id_2f476e4b_fk_django_co; Type: FK CONSTRAINT; Schema: public; Owner: django
--

ALTER TABLE ONLY public.auth_permission
    ADD CONSTRAINT auth_permission_content_type_id_2f476e4b_fk_django_co FOREIGN KEY (content_type_id) REFERENCES public.django_content_type(id) DEFERRABLE INITIALLY DEFERRED;


--
-- TOC entry 3893 (class 2606 OID 16474)
-- Name: auth_user_groups auth_user_groups_group_id_97559544_fk_auth_group_id; Type: FK CONSTRAINT; Schema: public; Owner: django
--

ALTER TABLE ONLY public.auth_user_groups
    ADD CONSTRAINT auth_user_groups_group_id_97559544_fk_auth_group_id FOREIGN KEY (group_id) REFERENCES public.auth_group(id) DEFERRABLE INITIALLY DEFERRED;


--
-- TOC entry 3894 (class 2606 OID 16469)
-- Name: auth_user_groups auth_user_groups_user_id_6a12ed8b_fk_auth_user_id; Type: FK CONSTRAINT; Schema: public; Owner: django
--

ALTER TABLE ONLY public.auth_user_groups
    ADD CONSTRAINT auth_user_groups_user_id_6a12ed8b_fk_auth_user_id FOREIGN KEY (user_id) REFERENCES public.auth_user(id) DEFERRABLE INITIALLY DEFERRED;


--
-- TOC entry 3895 (class 2606 OID 16488)
-- Name: auth_user_user_permissions auth_user_user_permi_permission_id_1fbb5f2c_fk_auth_perm; Type: FK CONSTRAINT; Schema: public; Owner: django
--

ALTER TABLE ONLY public.auth_user_user_permissions
    ADD CONSTRAINT auth_user_user_permi_permission_id_1fbb5f2c_fk_auth_perm FOREIGN KEY (permission_id) REFERENCES public.auth_permission(id) DEFERRABLE INITIALLY DEFERRED;


--
-- TOC entry 3896 (class 2606 OID 16483)
-- Name: auth_user_user_permissions auth_user_user_permissions_user_id_a95ead1b_fk_auth_user_id; Type: FK CONSTRAINT; Schema: public; Owner: django
--

ALTER TABLE ONLY public.auth_user_user_permissions
    ADD CONSTRAINT auth_user_user_permissions_user_id_a95ead1b_fk_auth_user_id FOREIGN KEY (user_id) REFERENCES public.auth_user(id) DEFERRABLE INITIALLY DEFERRED;


--
-- TOC entry 3897 (class 2606 OID 16504)
-- Name: django_admin_log django_admin_log_content_type_id_c4bce8eb_fk_django_co; Type: FK CONSTRAINT; Schema: public; Owner: django
--

ALTER TABLE ONLY public.django_admin_log
    ADD CONSTRAINT django_admin_log_content_type_id_c4bce8eb_fk_django_co FOREIGN KEY (content_type_id) REFERENCES public.django_content_type(id) DEFERRABLE INITIALLY DEFERRED;


--
-- TOC entry 3898 (class 2606 OID 16509)
-- Name: django_admin_log django_admin_log_user_id_c564eba6_fk_auth_user_id; Type: FK CONSTRAINT; Schema: public; Owner: django
--

ALTER TABLE ONLY public.django_admin_log
    ADD CONSTRAINT django_admin_log_user_id_c564eba6_fk_auth_user_id FOREIGN KEY (user_id) REFERENCES public.auth_user(id) DEFERRABLE INITIALLY DEFERRED;


--
-- TOC entry 4112 (class 0 OID 0)
-- Dependencies: 4
-- Name: SCHEMA public; Type: ACL; Schema: -; Owner: jpartyka
--

REVOKE USAGE ON SCHEMA public FROM PUBLIC;
GRANT ALL ON SCHEMA public TO PUBLIC;


-- Completed on 2024-09-02 14:19:15 MDT

--
-- PostgreSQL database dump complete
--

